,household,scenario,absolute poverty,relative poverty,year,minwage
1,Üksik mees,Tegelik,6.03,32.75,2019,541
2,Üksik mees,Ennustatud,6.03,32.75,2019,541
3,Üksik naine,Tegelik,1.32,21.29,2019,541
4,Üksik naine,Ennustatud,1.32,21.29,2019,541
5,Üksikvanem,Tegelik,0,30.12,2019,541
6,Üksikvanem,Ennustatud,0,30.12,2019,541
7,Lasteta paar,Tegelik,0.26,9.19,2019,541
8,Lasteta paar,Ennustatud,0.26,9.19,2019,541
9,Ühe lapsega paar,Tegelik,0,7.34,2019,541
10,Ühe lapsega paar,Ennustatud,0,7.34,2019,541
11,Kahe lapsega paar,Tegelik,0,9.52,2019,541
12,Kahe lapsega paar,Ennustatud,0,9.52,2019,541
13,Kolme ja enama lapsega paar,Tegelik,0,7.99,2019,541
14,Kolme ja enama lapsega paar,Ennustatud,0,7.99,2019,541
15,Üksik mees,Tegelik,6.03,32.75,2019,542
16,Üksik mees,Ennustatud,6.03,32.75,2019,542
17,Üksik naine,Tegelik,1.32,21.29,2019,542
18,Üksik naine,Ennustatud,1.32,21.29,2019,542
19,Üksikvanem,Tegelik,0,30.12,2019,542
20,Üksikvanem,Ennustatud,0,30.12,2019,542
21,Lasteta paar,Tegelik,0.26,9.19,2019,542
22,Lasteta paar,Ennustatud,0.26,9.19,2019,542
23,Ühe lapsega paar,Tegelik,0,7.34,2019,542
24,Ühe lapsega paar,Ennustatud,0,7.34,2019,542
25,Kahe lapsega paar,Tegelik,0,9.52,2019,542
26,Kahe lapsega paar,Ennustatud,0,9.52,2019,542
27,Kolme ja enama lapsega paar,Tegelik,0,7.99,2019,542
28,Kolme ja enama lapsega paar,Ennustatud,0,7.99,2019,542
29,Üksik mees,Tegelik,6.03,32.75,2019,543
30,Üksik mees,Ennustatud,6.03,32.75,2019,543
31,Üksik naine,Tegelik,1.32,21.29,2019,543
32,Üksik naine,Ennustatud,1.32,21.29,2019,543
33,Üksikvanem,Tegelik,0,30.12,2019,543
34,Üksikvanem,Ennustatud,0,30.12,2019,543
35,Lasteta paar,Tegelik,0.26,9.19,2019,543
36,Lasteta paar,Ennustatud,0.26,9.19,2019,543
37,Ühe lapsega paar,Tegelik,0,7.34,2019,543
38,Ühe lapsega paar,Ennustatud,0,7.34,2019,543
39,Kahe lapsega paar,Tegelik,0,9.52,2019,543
40,Kahe lapsega paar,Ennustatud,0,9.52,2019,543
41,Kolme ja enama lapsega paar,Tegelik,0,7.99,2019,543
42,Kolme ja enama lapsega paar,Ennustatud,0,7.99,2019,543
43,Üksik mees,Tegelik,6.03,32.75,2019,544
44,Üksik mees,Ennustatud,6.03,32.75,2019,544
45,Üksik naine,Tegelik,1.32,21.29,2019,544
46,Üksik naine,Ennustatud,1.32,21.29,2019,544
47,Üksikvanem,Tegelik,0,30.12,2019,544
48,Üksikvanem,Ennustatud,0,29.04,2019,544
49,Lasteta paar,Tegelik,0.26,9.19,2019,544
50,Lasteta paar,Ennustatud,0.26,9.19,2019,544
51,Ühe lapsega paar,Tegelik,0,7.34,2019,544
52,Ühe lapsega paar,Ennustatud,0,7.34,2019,544
53,Kahe lapsega paar,Tegelik,0,9.52,2019,544
54,Kahe lapsega paar,Ennustatud,0,9.52,2019,544
55,Kolme ja enama lapsega paar,Tegelik,0,7.99,2019,544
56,Kolme ja enama lapsega paar,Ennustatud,0,7.99,2019,544
57,Üksik mees,Tegelik,6.03,32.75,2019,545
58,Üksik mees,Ennustatud,6.03,32.75,2019,545
59,Üksik naine,Tegelik,1.32,21.29,2019,545
60,Üksik naine,Ennustatud,1.32,21.29,2019,545
61,Üksikvanem,Tegelik,0,30.12,2019,545
62,Üksikvanem,Ennustatud,0,29.04,2019,545
63,Lasteta paar,Tegelik,0.26,9.19,2019,545
64,Lasteta paar,Ennustatud,0.26,9.19,2019,545
65,Ühe lapsega paar,Tegelik,0,7.34,2019,545
66,Ühe lapsega paar,Ennustatud,0,7.34,2019,545
67,Kahe lapsega paar,Tegelik,0,9.52,2019,545
68,Kahe lapsega paar,Ennustatud,0,9.52,2019,545
69,Kolme ja enama lapsega paar,Tegelik,0,7.99,2019,545
70,Kolme ja enama lapsega paar,Ennustatud,0,7.99,2019,545
71,Üksik mees,Tegelik,6.03,32.75,2019,546
72,Üksik mees,Ennustatud,6.03,32.75,2019,546
73,Üksik naine,Tegelik,1.32,21.29,2019,546
74,Üksik naine,Ennustatud,1.32,21.29,2019,546
75,Üksikvanem,Tegelik,0,30.12,2019,546
76,Üksikvanem,Ennustatud,0,29.04,2019,546
77,Lasteta paar,Tegelik,0.26,9.19,2019,546
78,Lasteta paar,Ennustatud,0.26,9.19,2019,546
79,Ühe lapsega paar,Tegelik,0,7.34,2019,546
80,Ühe lapsega paar,Ennustatud,0,7.34,2019,546
81,Kahe lapsega paar,Tegelik,0,9.52,2019,546
82,Kahe lapsega paar,Ennustatud,0,9.52,2019,546
83,Kolme ja enama lapsega paar,Tegelik,0,7.99,2019,546
84,Kolme ja enama lapsega paar,Ennustatud,0,7.99,2019,546
85,Üksik mees,Tegelik,6.03,32.75,2019,547
86,Üksik mees,Ennustatud,6.03,32.75,2019,547
87,Üksik naine,Tegelik,1.32,21.29,2019,547
88,Üksik naine,Ennustatud,1.32,21.29,2019,547
89,Üksikvanem,Tegelik,0,30.12,2019,547
90,Üksikvanem,Ennustatud,0,28.84,2019,547
91,Lasteta paar,Tegelik,0.26,9.19,2019,547
92,Lasteta paar,Ennustatud,0.26,9.19,2019,547
93,Ühe lapsega paar,Tegelik,0,7.34,2019,547
94,Ühe lapsega paar,Ennustatud,0,7.34,2019,547
95,Kahe lapsega paar,Tegelik,0,9.52,2019,547
96,Kahe lapsega paar,Ennustatud,0,9.52,2019,547
97,Kolme ja enama lapsega paar,Tegelik,0,7.99,2019,547
98,Kolme ja enama lapsega paar,Ennustatud,0,7.99,2019,547
99,Üksik mees,Tegelik,6.03,32.75,2019,548
100,Üksik mees,Ennustatud,6.03,32.75,2019,548
101,Üksik naine,Tegelik,1.32,21.29,2019,548
102,Üksik naine,Ennustatud,1.32,21.29,2019,548
103,Üksikvanem,Tegelik,0,30.12,2019,548
104,Üksikvanem,Ennustatud,0,28.84,2019,548
105,Lasteta paar,Tegelik,0.26,9.19,2019,548
106,Lasteta paar,Ennustatud,0.26,9.19,2019,548
107,Ühe lapsega paar,Tegelik,0,7.34,2019,548
108,Ühe lapsega paar,Ennustatud,0,7.34,2019,548
109,Kahe lapsega paar,Tegelik,0,9.52,2019,548
110,Kahe lapsega paar,Ennustatud,0,9.52,2019,548
111,Kolme ja enama lapsega paar,Tegelik,0,7.99,2019,548
112,Kolme ja enama lapsega paar,Ennustatud,0,7.99,2019,548
113,Üksik mees,Tegelik,6.03,32.75,2019,549
114,Üksik mees,Ennustatud,6.03,32.75,2019,549
115,Üksik naine,Tegelik,1.32,21.29,2019,549
116,Üksik naine,Ennustatud,1.32,21.29,2019,549
117,Üksikvanem,Tegelik,0,30.12,2019,549
118,Üksikvanem,Ennustatud,0,28.84,2019,549
119,Lasteta paar,Tegelik,0.26,9.19,2019,549
120,Lasteta paar,Ennustatud,0.26,9.19,2019,549
121,Ühe lapsega paar,Tegelik,0,7.34,2019,549
122,Ühe lapsega paar,Ennustatud,0,7.34,2019,549
123,Kahe lapsega paar,Tegelik,0,9.52,2019,549
124,Kahe lapsega paar,Ennustatud,0,9.52,2019,549
125,Kolme ja enama lapsega paar,Tegelik,0,7.99,2019,549
126,Kolme ja enama lapsega paar,Ennustatud,0,7.99,2019,549
127,Üksik mees,Tegelik,6.03,32.75,2019,550
128,Üksik mees,Ennustatud,6.03,32.75,2019,550
129,Üksik naine,Tegelik,1.32,21.29,2019,550
130,Üksik naine,Ennustatud,1.32,21.29,2019,550
131,Üksikvanem,Tegelik,0,30.12,2019,550
132,Üksikvanem,Ennustatud,0,28.84,2019,550
133,Lasteta paar,Tegelik,0.26,9.19,2019,550
134,Lasteta paar,Ennustatud,0.26,9.19,2019,550
135,Ühe lapsega paar,Tegelik,0,7.34,2019,550
136,Ühe lapsega paar,Ennustatud,0,7.34,2019,550
137,Kahe lapsega paar,Tegelik,0,9.52,2019,550
138,Kahe lapsega paar,Ennustatud,0,9.24,2019,550
139,Kolme ja enama lapsega paar,Tegelik,0,7.99,2019,550
140,Kolme ja enama lapsega paar,Ennustatud,0,7.99,2019,550
141,Üksik mees,Tegelik,6.03,32.75,2019,551
142,Üksik mees,Ennustatud,6.03,32.75,2019,551
143,Üksik naine,Tegelik,1.32,21.29,2019,551
144,Üksik naine,Ennustatud,1.32,21.29,2019,551
145,Üksikvanem,Tegelik,0,30.12,2019,551
146,Üksikvanem,Ennustatud,0,28.84,2019,551
147,Lasteta paar,Tegelik,0.26,9.19,2019,551
148,Lasteta paar,Ennustatud,0.26,9.19,2019,551
149,Ühe lapsega paar,Tegelik,0,7.34,2019,551
150,Ühe lapsega paar,Ennustatud,0,7.34,2019,551
151,Kahe lapsega paar,Tegelik,0,9.52,2019,551
152,Kahe lapsega paar,Ennustatud,0,9.24,2019,551
153,Kolme ja enama lapsega paar,Tegelik,0,7.99,2019,551
154,Kolme ja enama lapsega paar,Ennustatud,0,7.99,2019,551
155,Üksik mees,Tegelik,6.03,32.75,2019,552
156,Üksik mees,Ennustatud,6.03,32.75,2019,552
157,Üksik naine,Tegelik,1.32,21.29,2019,552
158,Üksik naine,Ennustatud,1.32,21.29,2019,552
159,Üksikvanem,Tegelik,0,30.12,2019,552
160,Üksikvanem,Ennustatud,0,28.84,2019,552
161,Lasteta paar,Tegelik,0.26,9.19,2019,552
162,Lasteta paar,Ennustatud,0.26,9.19,2019,552
163,Ühe lapsega paar,Tegelik,0,7.34,2019,552
164,Ühe lapsega paar,Ennustatud,0,7.34,2019,552
165,Kahe lapsega paar,Tegelik,0,9.52,2019,552
166,Kahe lapsega paar,Ennustatud,0,9.24,2019,552
167,Kolme ja enama lapsega paar,Tegelik,0,7.99,2019,552
168,Kolme ja enama lapsega paar,Ennustatud,0,7.99,2019,552
169,Üksik mees,Tegelik,6.03,32.75,2019,553
170,Üksik mees,Ennustatud,6.03,32.75,2019,553
171,Üksik naine,Tegelik,1.32,21.29,2019,553
172,Üksik naine,Ennustatud,1.32,21.29,2019,553
173,Üksikvanem,Tegelik,0,30.12,2019,553
174,Üksikvanem,Ennustatud,0,28.84,2019,553
175,Lasteta paar,Tegelik,0.26,9.19,2019,553
176,Lasteta paar,Ennustatud,0.26,9.19,2019,553
177,Ühe lapsega paar,Tegelik,0,7.34,2019,553
178,Ühe lapsega paar,Ennustatud,0,7.34,2019,553
179,Kahe lapsega paar,Tegelik,0,9.52,2019,553
180,Kahe lapsega paar,Ennustatud,0,9.24,2019,553
181,Kolme ja enama lapsega paar,Tegelik,0,7.99,2019,553
182,Kolme ja enama lapsega paar,Ennustatud,0,7.99,2019,553
183,Üksik mees,Tegelik,6.03,32.75,2019,554
184,Üksik mees,Ennustatud,6.03,32.75,2019,554
185,Üksik naine,Tegelik,1.32,21.29,2019,554
186,Üksik naine,Ennustatud,1.32,21.29,2019,554
187,Üksikvanem,Tegelik,0,30.12,2019,554
188,Üksikvanem,Ennustatud,0,28.84,2019,554
189,Lasteta paar,Tegelik,0.26,9.19,2019,554
190,Lasteta paar,Ennustatud,0.26,9.08,2019,554
191,Ühe lapsega paar,Tegelik,0,7.34,2019,554
192,Ühe lapsega paar,Ennustatud,0,7.34,2019,554
193,Kahe lapsega paar,Tegelik,0,9.52,2019,554
194,Kahe lapsega paar,Ennustatud,0,9.24,2019,554
195,Kolme ja enama lapsega paar,Tegelik,0,7.99,2019,554
196,Kolme ja enama lapsega paar,Ennustatud,0,7.99,2019,554
197,Üksik mees,Tegelik,6.03,32.75,2019,555
198,Üksik mees,Ennustatud,6.03,32.75,2019,555
199,Üksik naine,Tegelik,1.32,21.29,2019,555
200,Üksik naine,Ennustatud,1.32,21.29,2019,555
201,Üksikvanem,Tegelik,0,30.12,2019,555
202,Üksikvanem,Ennustatud,0,28.84,2019,555
203,Lasteta paar,Tegelik,0.26,9.19,2019,555
204,Lasteta paar,Ennustatud,0.26,9.08,2019,555
205,Ühe lapsega paar,Tegelik,0,7.34,2019,555
206,Ühe lapsega paar,Ennustatud,0,7.34,2019,555
207,Kahe lapsega paar,Tegelik,0,9.52,2019,555
208,Kahe lapsega paar,Ennustatud,0,9.24,2019,555
209,Kolme ja enama lapsega paar,Tegelik,0,7.99,2019,555
210,Kolme ja enama lapsega paar,Ennustatud,0,7.99,2019,555
211,Üksik mees,Tegelik,6.03,32.75,2019,556
212,Üksik mees,Ennustatud,6.03,32.75,2019,556
213,Üksik naine,Tegelik,1.32,21.29,2019,556
214,Üksik naine,Ennustatud,1.32,21.29,2019,556
215,Üksikvanem,Tegelik,0,30.12,2019,556
216,Üksikvanem,Ennustatud,0,28.84,2019,556
217,Lasteta paar,Tegelik,0.26,9.19,2019,556
218,Lasteta paar,Ennustatud,0.26,9.08,2019,556
219,Ühe lapsega paar,Tegelik,0,7.34,2019,556
220,Ühe lapsega paar,Ennustatud,0,7.34,2019,556
221,Kahe lapsega paar,Tegelik,0,9.52,2019,556
222,Kahe lapsega paar,Ennustatud,0,9.24,2019,556
223,Kolme ja enama lapsega paar,Tegelik,0,7.99,2019,556
224,Kolme ja enama lapsega paar,Ennustatud,0,7.99,2019,556
225,Üksik mees,Tegelik,6.03,32.75,2019,557
226,Üksik mees,Ennustatud,6.03,32.75,2019,557
227,Üksik naine,Tegelik,1.32,21.29,2019,557
228,Üksik naine,Ennustatud,1.32,21.29,2019,557
229,Üksikvanem,Tegelik,0,30.12,2019,557
230,Üksikvanem,Ennustatud,0,28.68,2019,557
231,Lasteta paar,Tegelik,0.26,9.19,2019,557
232,Lasteta paar,Ennustatud,0.26,9.08,2019,557
233,Ühe lapsega paar,Tegelik,0,7.34,2019,557
234,Ühe lapsega paar,Ennustatud,0,7.34,2019,557
235,Kahe lapsega paar,Tegelik,0,9.52,2019,557
236,Kahe lapsega paar,Ennustatud,0,9.24,2019,557
237,Kolme ja enama lapsega paar,Tegelik,0,7.99,2019,557
238,Kolme ja enama lapsega paar,Ennustatud,0,7.99,2019,557
239,Üksik mees,Tegelik,6.03,32.75,2019,558
240,Üksik mees,Ennustatud,6.03,32.75,2019,558
241,Üksik naine,Tegelik,1.32,21.29,2019,558
242,Üksik naine,Ennustatud,1.32,21.29,2019,558
243,Üksikvanem,Tegelik,0,30.12,2019,558
244,Üksikvanem,Ennustatud,0,28.68,2019,558
245,Lasteta paar,Tegelik,0.26,9.19,2019,558
246,Lasteta paar,Ennustatud,0.26,9.08,2019,558
247,Ühe lapsega paar,Tegelik,0,7.34,2019,558
248,Ühe lapsega paar,Ennustatud,0,7.34,2019,558
249,Kahe lapsega paar,Tegelik,0,9.52,2019,558
250,Kahe lapsega paar,Ennustatud,0,9.24,2019,558
251,Kolme ja enama lapsega paar,Tegelik,0,7.99,2019,558
252,Kolme ja enama lapsega paar,Ennustatud,0,7.99,2019,558
253,Üksik mees,Tegelik,6.03,32.75,2019,559
254,Üksik mees,Ennustatud,6.03,32.75,2019,559
255,Üksik naine,Tegelik,1.32,21.29,2019,559
256,Üksik naine,Ennustatud,1.32,21.29,2019,559
257,Üksikvanem,Tegelik,0,30.12,2019,559
258,Üksikvanem,Ennustatud,0,28.68,2019,559
259,Lasteta paar,Tegelik,0.26,9.19,2019,559
260,Lasteta paar,Ennustatud,0.26,9.08,2019,559
261,Ühe lapsega paar,Tegelik,0,7.34,2019,559
262,Ühe lapsega paar,Ennustatud,0,7.34,2019,559
263,Kahe lapsega paar,Tegelik,0,9.52,2019,559
264,Kahe lapsega paar,Ennustatud,0,9.24,2019,559
265,Kolme ja enama lapsega paar,Tegelik,0,7.99,2019,559
266,Kolme ja enama lapsega paar,Ennustatud,0,7.99,2019,559
267,Üksik mees,Tegelik,6.03,32.75,2019,560
268,Üksik mees,Ennustatud,6.03,32.75,2019,560
269,Üksik naine,Tegelik,1.32,21.29,2019,560
270,Üksik naine,Ennustatud,1.32,21.29,2019,560
271,Üksikvanem,Tegelik,0,30.12,2019,560
272,Üksikvanem,Ennustatud,0,28.68,2019,560
273,Lasteta paar,Tegelik,0.26,9.19,2019,560
274,Lasteta paar,Ennustatud,0.26,9.08,2019,560
275,Ühe lapsega paar,Tegelik,0,7.34,2019,560
276,Ühe lapsega paar,Ennustatud,0,7.34,2019,560
277,Kahe lapsega paar,Tegelik,0,9.52,2019,560
278,Kahe lapsega paar,Ennustatud,0,9.24,2019,560
279,Kolme ja enama lapsega paar,Tegelik,0,7.99,2019,560
280,Kolme ja enama lapsega paar,Ennustatud,0,7.99,2019,560
281,Üksik mees,Tegelik,6.03,32.75,2019,561
282,Üksik mees,Ennustatud,6.03,32.75,2019,561
283,Üksik naine,Tegelik,1.32,21.29,2019,561
284,Üksik naine,Ennustatud,1.32,21.29,2019,561
285,Üksikvanem,Tegelik,0,30.12,2019,561
286,Üksikvanem,Ennustatud,0,28.68,2019,561
287,Lasteta paar,Tegelik,0.26,9.19,2019,561
288,Lasteta paar,Ennustatud,0.26,9.08,2019,561
289,Ühe lapsega paar,Tegelik,0,7.34,2019,561
290,Ühe lapsega paar,Ennustatud,0,7.34,2019,561
291,Kahe lapsega paar,Tegelik,0,9.52,2019,561
292,Kahe lapsega paar,Ennustatud,0,9.24,2019,561
293,Kolme ja enama lapsega paar,Tegelik,0,7.99,2019,561
294,Kolme ja enama lapsega paar,Ennustatud,0,7.99,2019,561
295,Üksik mees,Tegelik,6.03,32.75,2019,562
296,Üksik mees,Ennustatud,6.03,32.75,2019,562
297,Üksik naine,Tegelik,1.32,21.29,2019,562
298,Üksik naine,Ennustatud,1.32,21.29,2019,562
299,Üksikvanem,Tegelik,0,30.12,2019,562
300,Üksikvanem,Ennustatud,0,28.68,2019,562
301,Lasteta paar,Tegelik,0.26,9.19,2019,562
302,Lasteta paar,Ennustatud,0.26,9.08,2019,562
303,Ühe lapsega paar,Tegelik,0,7.34,2019,562
304,Ühe lapsega paar,Ennustatud,0,7.34,2019,562
305,Kahe lapsega paar,Tegelik,0,9.52,2019,562
306,Kahe lapsega paar,Ennustatud,0,9.24,2019,562
307,Kolme ja enama lapsega paar,Tegelik,0,7.99,2019,562
308,Kolme ja enama lapsega paar,Ennustatud,0,7.99,2019,562
309,Üksik mees,Tegelik,6.03,32.75,2019,563
310,Üksik mees,Ennustatud,6.03,32.75,2019,563
311,Üksik naine,Tegelik,1.32,21.29,2019,563
312,Üksik naine,Ennustatud,1.32,21.29,2019,563
313,Üksikvanem,Tegelik,0,30.12,2019,563
314,Üksikvanem,Ennustatud,0,28.68,2019,563
315,Lasteta paar,Tegelik,0.26,9.19,2019,563
316,Lasteta paar,Ennustatud,0.26,9.08,2019,563
317,Ühe lapsega paar,Tegelik,0,7.34,2019,563
318,Ühe lapsega paar,Ennustatud,0,7.34,2019,563
319,Kahe lapsega paar,Tegelik,0,9.52,2019,563
320,Kahe lapsega paar,Ennustatud,0,9.24,2019,563
321,Kolme ja enama lapsega paar,Tegelik,0,7.99,2019,563
322,Kolme ja enama lapsega paar,Ennustatud,0,7.99,2019,563
323,Üksik mees,Tegelik,6.03,32.75,2019,564
324,Üksik mees,Ennustatud,6.03,32.75,2019,564
325,Üksik naine,Tegelik,1.32,21.29,2019,564
326,Üksik naine,Ennustatud,1.32,21.29,2019,564
327,Üksikvanem,Tegelik,0,30.12,2019,564
328,Üksikvanem,Ennustatud,0,28.68,2019,564
329,Lasteta paar,Tegelik,0.26,9.19,2019,564
330,Lasteta paar,Ennustatud,0.26,9.08,2019,564
331,Ühe lapsega paar,Tegelik,0,7.34,2019,564
332,Ühe lapsega paar,Ennustatud,0,7.34,2019,564
333,Kahe lapsega paar,Tegelik,0,9.52,2019,564
334,Kahe lapsega paar,Ennustatud,0,9.24,2019,564
335,Kolme ja enama lapsega paar,Tegelik,0,7.99,2019,564
336,Kolme ja enama lapsega paar,Ennustatud,0,7.99,2019,564
337,Üksik mees,Tegelik,6.03,32.75,2019,565
338,Üksik mees,Ennustatud,6.03,32.75,2019,565
339,Üksik naine,Tegelik,1.32,21.29,2019,565
340,Üksik naine,Ennustatud,1.32,21.29,2019,565
341,Üksikvanem,Tegelik,0,30.12,2019,565
342,Üksikvanem,Ennustatud,0,28.68,2019,565
343,Lasteta paar,Tegelik,0.26,9.19,2019,565
344,Lasteta paar,Ennustatud,0.26,9.08,2019,565
345,Ühe lapsega paar,Tegelik,0,7.34,2019,565
346,Ühe lapsega paar,Ennustatud,0,7.34,2019,565
347,Kahe lapsega paar,Tegelik,0,9.52,2019,565
348,Kahe lapsega paar,Ennustatud,0,9.24,2019,565
349,Kolme ja enama lapsega paar,Tegelik,0,7.99,2019,565
350,Kolme ja enama lapsega paar,Ennustatud,0,7.99,2019,565
351,Üksik mees,Tegelik,6.03,32.75,2019,566
352,Üksik mees,Ennustatud,6.03,32.75,2019,566
353,Üksik naine,Tegelik,1.32,21.29,2019,566
354,Üksik naine,Ennustatud,1.32,21.29,2019,566
355,Üksikvanem,Tegelik,0,30.12,2019,566
356,Üksikvanem,Ennustatud,0,28.68,2019,566
357,Lasteta paar,Tegelik,0.26,9.19,2019,566
358,Lasteta paar,Ennustatud,0.26,9.08,2019,566
359,Ühe lapsega paar,Tegelik,0,7.34,2019,566
360,Ühe lapsega paar,Ennustatud,0,7.34,2019,566
361,Kahe lapsega paar,Tegelik,0,9.52,2019,566
362,Kahe lapsega paar,Ennustatud,0,9.24,2019,566
363,Kolme ja enama lapsega paar,Tegelik,0,7.99,2019,566
364,Kolme ja enama lapsega paar,Ennustatud,0,7.99,2019,566
365,Üksik mees,Tegelik,6.03,32.75,2019,567
366,Üksik mees,Ennustatud,6.03,32.75,2019,567
367,Üksik naine,Tegelik,1.32,21.29,2019,567
368,Üksik naine,Ennustatud,1.32,21.29,2019,567
369,Üksikvanem,Tegelik,0,30.12,2019,567
370,Üksikvanem,Ennustatud,0,28.68,2019,567
371,Lasteta paar,Tegelik,0.26,9.19,2019,567
372,Lasteta paar,Ennustatud,0.26,9.08,2019,567
373,Ühe lapsega paar,Tegelik,0,7.34,2019,567
374,Ühe lapsega paar,Ennustatud,0,7.34,2019,567
375,Kahe lapsega paar,Tegelik,0,9.52,2019,567
376,Kahe lapsega paar,Ennustatud,0,9.24,2019,567
377,Kolme ja enama lapsega paar,Tegelik,0,7.99,2019,567
378,Kolme ja enama lapsega paar,Ennustatud,0,7.99,2019,567
379,Üksik mees,Tegelik,6.03,32.75,2019,568
380,Üksik mees,Ennustatud,6.03,32.75,2019,568
381,Üksik naine,Tegelik,1.32,21.29,2019,568
382,Üksik naine,Ennustatud,1.32,21.29,2019,568
383,Üksikvanem,Tegelik,0,30.12,2019,568
384,Üksikvanem,Ennustatud,0,28.68,2019,568
385,Lasteta paar,Tegelik,0.26,9.19,2019,568
386,Lasteta paar,Ennustatud,0.26,9.08,2019,568
387,Ühe lapsega paar,Tegelik,0,7.34,2019,568
388,Ühe lapsega paar,Ennustatud,0,7.34,2019,568
389,Kahe lapsega paar,Tegelik,0,9.52,2019,568
390,Kahe lapsega paar,Ennustatud,0,9.24,2019,568
391,Kolme ja enama lapsega paar,Tegelik,0,7.99,2019,568
392,Kolme ja enama lapsega paar,Ennustatud,0,7.99,2019,568
393,Üksik mees,Tegelik,6.03,32.75,2019,569
394,Üksik mees,Ennustatud,6.03,32.75,2019,569
395,Üksik naine,Tegelik,1.32,21.29,2019,569
396,Üksik naine,Ennustatud,1.32,21.29,2019,569
397,Üksikvanem,Tegelik,0,30.12,2019,569
398,Üksikvanem,Ennustatud,0,28.68,2019,569
399,Lasteta paar,Tegelik,0.26,9.19,2019,569
400,Lasteta paar,Ennustatud,0.26,9.08,2019,569
401,Ühe lapsega paar,Tegelik,0,7.34,2019,569
402,Ühe lapsega paar,Ennustatud,0,7.34,2019,569
403,Kahe lapsega paar,Tegelik,0,9.52,2019,569
404,Kahe lapsega paar,Ennustatud,0,9.24,2019,569
405,Kolme ja enama lapsega paar,Tegelik,0,7.99,2019,569
406,Kolme ja enama lapsega paar,Ennustatud,0,7.99,2019,569
407,Üksik mees,Tegelik,6.03,32.75,2019,570
408,Üksik mees,Ennustatud,6.03,32.75,2019,570
409,Üksik naine,Tegelik,1.32,21.29,2019,570
410,Üksik naine,Ennustatud,1.32,21.29,2019,570
411,Üksikvanem,Tegelik,0,30.12,2019,570
412,Üksikvanem,Ennustatud,0,27.2,2019,570
413,Lasteta paar,Tegelik,0.26,9.19,2019,570
414,Lasteta paar,Ennustatud,0.26,9.08,2019,570
415,Ühe lapsega paar,Tegelik,0,7.34,2019,570
416,Ühe lapsega paar,Ennustatud,0,7.34,2019,570
417,Kahe lapsega paar,Tegelik,0,9.52,2019,570
418,Kahe lapsega paar,Ennustatud,0,9.24,2019,570
419,Kolme ja enama lapsega paar,Tegelik,0,7.99,2019,570
420,Kolme ja enama lapsega paar,Ennustatud,0,7.99,2019,570
421,Üksik mees,Tegelik,6.03,32.75,2019,571
422,Üksik mees,Ennustatud,6.03,32.75,2019,571
423,Üksik naine,Tegelik,1.32,21.29,2019,571
424,Üksik naine,Ennustatud,1.32,21.29,2019,571
425,Üksikvanem,Tegelik,0,30.12,2019,571
426,Üksikvanem,Ennustatud,0,27.2,2019,571
427,Lasteta paar,Tegelik,0.26,9.19,2019,571
428,Lasteta paar,Ennustatud,0.26,9.08,2019,571
429,Ühe lapsega paar,Tegelik,0,7.34,2019,571
430,Ühe lapsega paar,Ennustatud,0,7.34,2019,571
431,Kahe lapsega paar,Tegelik,0,9.52,2019,571
432,Kahe lapsega paar,Ennustatud,0,9.24,2019,571
433,Kolme ja enama lapsega paar,Tegelik,0,7.99,2019,571
434,Kolme ja enama lapsega paar,Ennustatud,0,7.99,2019,571
435,Üksik mees,Tegelik,6.03,32.75,2019,572
436,Üksik mees,Ennustatud,6.03,32.75,2019,572
437,Üksik naine,Tegelik,1.32,21.29,2019,572
438,Üksik naine,Ennustatud,1.32,21.29,2019,572
439,Üksikvanem,Tegelik,0,30.12,2019,572
440,Üksikvanem,Ennustatud,0,27.2,2019,572
441,Lasteta paar,Tegelik,0.26,9.19,2019,572
442,Lasteta paar,Ennustatud,0.26,9.08,2019,572
443,Ühe lapsega paar,Tegelik,0,7.34,2019,572
444,Ühe lapsega paar,Ennustatud,0,7.34,2019,572
445,Kahe lapsega paar,Tegelik,0,9.52,2019,572
446,Kahe lapsega paar,Ennustatud,0,9.24,2019,572
447,Kolme ja enama lapsega paar,Tegelik,0,7.99,2019,572
448,Kolme ja enama lapsega paar,Ennustatud,0,7.99,2019,572
449,Üksik mees,Tegelik,6.03,32.75,2019,573
450,Üksik mees,Ennustatud,6.03,32.75,2019,573
451,Üksik naine,Tegelik,1.32,21.29,2019,573
452,Üksik naine,Ennustatud,1.32,21.29,2019,573
453,Üksikvanem,Tegelik,0,30.12,2019,573
454,Üksikvanem,Ennustatud,0,27.2,2019,573
455,Lasteta paar,Tegelik,0.26,9.19,2019,573
456,Lasteta paar,Ennustatud,0.26,8.89,2019,573
457,Ühe lapsega paar,Tegelik,0,7.34,2019,573
458,Ühe lapsega paar,Ennustatud,0,7.34,2019,573
459,Kahe lapsega paar,Tegelik,0,9.52,2019,573
460,Kahe lapsega paar,Ennustatud,0,9.24,2019,573
461,Kolme ja enama lapsega paar,Tegelik,0,7.99,2019,573
462,Kolme ja enama lapsega paar,Ennustatud,0,7.99,2019,573
463,Üksik mees,Tegelik,6.03,32.75,2019,574
464,Üksik mees,Ennustatud,6.03,32.75,2019,574
465,Üksik naine,Tegelik,1.32,21.29,2019,574
466,Üksik naine,Ennustatud,1.32,21.29,2019,574
467,Üksikvanem,Tegelik,0,30.12,2019,574
468,Üksikvanem,Ennustatud,0,27.2,2019,574
469,Lasteta paar,Tegelik,0.26,9.19,2019,574
470,Lasteta paar,Ennustatud,0.26,8.89,2019,574
471,Ühe lapsega paar,Tegelik,0,7.34,2019,574
472,Ühe lapsega paar,Ennustatud,0,7.34,2019,574
473,Kahe lapsega paar,Tegelik,0,9.52,2019,574
474,Kahe lapsega paar,Ennustatud,0,9.24,2019,574
475,Kolme ja enama lapsega paar,Tegelik,0,7.99,2019,574
476,Kolme ja enama lapsega paar,Ennustatud,0,7.99,2019,574
477,Üksik mees,Tegelik,6.03,32.75,2019,575
478,Üksik mees,Ennustatud,6.03,32.75,2019,575
479,Üksik naine,Tegelik,1.32,21.29,2019,575
480,Üksik naine,Ennustatud,1.32,21.29,2019,575
481,Üksikvanem,Tegelik,0,30.12,2019,575
482,Üksikvanem,Ennustatud,0,27.97,2019,575
483,Lasteta paar,Tegelik,0.26,9.19,2019,575
484,Lasteta paar,Ennustatud,0.26,8.89,2019,575
485,Ühe lapsega paar,Tegelik,0,7.34,2019,575
486,Ühe lapsega paar,Ennustatud,0,7.34,2019,575
487,Kahe lapsega paar,Tegelik,0,9.52,2019,575
488,Kahe lapsega paar,Ennustatud,0,9.24,2019,575
489,Kolme ja enama lapsega paar,Tegelik,0,7.99,2019,575
490,Kolme ja enama lapsega paar,Ennustatud,0,7.99,2019,575
491,Üksik mees,Tegelik,6.03,32.75,2019,576
492,Üksik mees,Ennustatud,6.03,32.75,2019,576
493,Üksik naine,Tegelik,1.32,21.29,2019,576
494,Üksik naine,Ennustatud,1.32,21.29,2019,576
495,Üksikvanem,Tegelik,0,30.12,2019,576
496,Üksikvanem,Ennustatud,0,27.97,2019,576
497,Lasteta paar,Tegelik,0.26,9.19,2019,576
498,Lasteta paar,Ennustatud,0.26,8.89,2019,576
499,Ühe lapsega paar,Tegelik,0,7.34,2019,576
500,Ühe lapsega paar,Ennustatud,0,7.34,2019,576
501,Kahe lapsega paar,Tegelik,0,9.52,2019,576
502,Kahe lapsega paar,Ennustatud,0,9.24,2019,576
503,Kolme ja enama lapsega paar,Tegelik,0,7.99,2019,576
504,Kolme ja enama lapsega paar,Ennustatud,0,7.99,2019,576
505,Üksik mees,Tegelik,6.03,32.75,2019,577
506,Üksik mees,Ennustatud,6.03,32.75,2019,577
507,Üksik naine,Tegelik,1.32,21.29,2019,577
508,Üksik naine,Ennustatud,1.32,21.29,2019,577
509,Üksikvanem,Tegelik,0,30.12,2019,577
510,Üksikvanem,Ennustatud,0,27.97,2019,577
511,Lasteta paar,Tegelik,0.26,9.19,2019,577
512,Lasteta paar,Ennustatud,0.26,8.89,2019,577
513,Ühe lapsega paar,Tegelik,0,7.34,2019,577
514,Ühe lapsega paar,Ennustatud,0,7.34,2019,577
515,Kahe lapsega paar,Tegelik,0,9.52,2019,577
516,Kahe lapsega paar,Ennustatud,0,9.24,2019,577
517,Kolme ja enama lapsega paar,Tegelik,0,7.99,2019,577
518,Kolme ja enama lapsega paar,Ennustatud,0,7.99,2019,577
519,Üksik mees,Tegelik,6.03,32.75,2019,578
520,Üksik mees,Ennustatud,6.03,32.75,2019,578
521,Üksik naine,Tegelik,1.32,21.29,2019,578
522,Üksik naine,Ennustatud,1.32,21.29,2019,578
523,Üksikvanem,Tegelik,0,30.12,2019,578
524,Üksikvanem,Ennustatud,0,27.97,2019,578
525,Lasteta paar,Tegelik,0.26,9.19,2019,578
526,Lasteta paar,Ennustatud,0.26,8.89,2019,578
527,Ühe lapsega paar,Tegelik,0,7.34,2019,578
528,Ühe lapsega paar,Ennustatud,0,7.34,2019,578
529,Kahe lapsega paar,Tegelik,0,9.52,2019,578
530,Kahe lapsega paar,Ennustatud,0,9.24,2019,578
531,Kolme ja enama lapsega paar,Tegelik,0,7.99,2019,578
532,Kolme ja enama lapsega paar,Ennustatud,0,7.99,2019,578
533,Üksik mees,Tegelik,6.03,32.75,2019,579
534,Üksik mees,Ennustatud,6.03,32.75,2019,579
535,Üksik naine,Tegelik,1.32,21.29,2019,579
536,Üksik naine,Ennustatud,1.32,21.29,2019,579
537,Üksikvanem,Tegelik,0,30.12,2019,579
538,Üksikvanem,Ennustatud,0,28.14,2019,579
539,Lasteta paar,Tegelik,0.26,9.19,2019,579
540,Lasteta paar,Ennustatud,0.26,8.89,2019,579
541,Ühe lapsega paar,Tegelik,0,7.34,2019,579
542,Ühe lapsega paar,Ennustatud,0,7.34,2019,579
543,Kahe lapsega paar,Tegelik,0,9.52,2019,579
544,Kahe lapsega paar,Ennustatud,0,9.24,2019,579
545,Kolme ja enama lapsega paar,Tegelik,0,7.99,2019,579
546,Kolme ja enama lapsega paar,Ennustatud,0,7.99,2019,579
547,Üksik mees,Tegelik,6.03,32.75,2019,580
548,Üksik mees,Ennustatud,6.03,32.75,2019,580
549,Üksik naine,Tegelik,1.32,21.29,2019,580
550,Üksik naine,Ennustatud,1.32,21.29,2019,580
551,Üksikvanem,Tegelik,0,30.12,2019,580
552,Üksikvanem,Ennustatud,0,28.14,2019,580
553,Lasteta paar,Tegelik,0.26,9.19,2019,580
554,Lasteta paar,Ennustatud,0.26,8.89,2019,580
555,Ühe lapsega paar,Tegelik,0,7.34,2019,580
556,Ühe lapsega paar,Ennustatud,0,7.34,2019,580
557,Kahe lapsega paar,Tegelik,0,9.52,2019,580
558,Kahe lapsega paar,Ennustatud,0,9.24,2019,580
559,Kolme ja enama lapsega paar,Tegelik,0,7.99,2019,580
560,Kolme ja enama lapsega paar,Ennustatud,0,7.99,2019,580
561,Üksik mees,Tegelik,6.03,32.75,2019,581
562,Üksik mees,Ennustatud,6.03,32.75,2019,581
563,Üksik naine,Tegelik,1.32,21.29,2019,581
564,Üksik naine,Ennustatud,1.32,21.29,2019,581
565,Üksikvanem,Tegelik,0,30.12,2019,581
566,Üksikvanem,Ennustatud,0,28.14,2019,581
567,Lasteta paar,Tegelik,0.26,9.19,2019,581
568,Lasteta paar,Ennustatud,0.26,8.89,2019,581
569,Ühe lapsega paar,Tegelik,0,7.34,2019,581
570,Ühe lapsega paar,Ennustatud,0,7.34,2019,581
571,Kahe lapsega paar,Tegelik,0,9.52,2019,581
572,Kahe lapsega paar,Ennustatud,0,9.24,2019,581
573,Kolme ja enama lapsega paar,Tegelik,0,7.99,2019,581
574,Kolme ja enama lapsega paar,Ennustatud,0,7.99,2019,581
575,Üksik mees,Tegelik,6.03,32.75,2019,582
576,Üksik mees,Ennustatud,6.03,32.75,2019,582
577,Üksik naine,Tegelik,1.32,21.29,2019,582
578,Üksik naine,Ennustatud,1.32,21.29,2019,582
579,Üksikvanem,Tegelik,0,30.12,2019,582
580,Üksikvanem,Ennustatud,0,28.14,2019,582
581,Lasteta paar,Tegelik,0.26,9.19,2019,582
582,Lasteta paar,Ennustatud,0.26,8.89,2019,582
583,Ühe lapsega paar,Tegelik,0,7.34,2019,582
584,Ühe lapsega paar,Ennustatud,0,7.34,2019,582
585,Kahe lapsega paar,Tegelik,0,9.52,2019,582
586,Kahe lapsega paar,Ennustatud,0,9.24,2019,582
587,Kolme ja enama lapsega paar,Tegelik,0,7.99,2019,582
588,Kolme ja enama lapsega paar,Ennustatud,0,7.99,2019,582
589,Üksik mees,Tegelik,6.03,32.75,2019,583
590,Üksik mees,Ennustatud,6.03,32.75,2019,583
591,Üksik naine,Tegelik,1.32,21.29,2019,583
592,Üksik naine,Ennustatud,1.32,21.29,2019,583
593,Üksikvanem,Tegelik,0,30.12,2019,583
594,Üksikvanem,Ennustatud,0,28.14,2019,583
595,Lasteta paar,Tegelik,0.26,9.19,2019,583
596,Lasteta paar,Ennustatud,0.26,8.89,2019,583
597,Ühe lapsega paar,Tegelik,0,7.34,2019,583
598,Ühe lapsega paar,Ennustatud,0,7.34,2019,583
599,Kahe lapsega paar,Tegelik,0,9.52,2019,583
600,Kahe lapsega paar,Ennustatud,0,9.24,2019,583
601,Kolme ja enama lapsega paar,Tegelik,0,7.99,2019,583
602,Kolme ja enama lapsega paar,Ennustatud,0,7.99,2019,583
603,Üksik mees,Tegelik,6.03,32.75,2019,584
604,Üksik mees,Ennustatud,6.03,32.75,2019,584
605,Üksik naine,Tegelik,1.32,21.29,2019,584
606,Üksik naine,Ennustatud,1.32,21.29,2019,584
607,Üksikvanem,Tegelik,0,30.12,2019,584
608,Üksikvanem,Ennustatud,0,28.14,2019,584
609,Lasteta paar,Tegelik,0.26,9.19,2019,584
610,Lasteta paar,Ennustatud,0.26,8.89,2019,584
611,Ühe lapsega paar,Tegelik,0,7.34,2019,584
612,Ühe lapsega paar,Ennustatud,0,7.34,2019,584
613,Kahe lapsega paar,Tegelik,0,9.52,2019,584
614,Kahe lapsega paar,Ennustatud,0,9.24,2019,584
615,Kolme ja enama lapsega paar,Tegelik,0,7.99,2019,584
616,Kolme ja enama lapsega paar,Ennustatud,0,7.99,2019,584
617,Üksik mees,Tegelik,6.03,32.75,2019,585
618,Üksik mees,Ennustatud,6.03,32.75,2019,585
619,Üksik naine,Tegelik,1.32,21.29,2019,585
620,Üksik naine,Ennustatud,1.32,21.29,2019,585
621,Üksikvanem,Tegelik,0,30.12,2019,585
622,Üksikvanem,Ennustatud,0,28.14,2019,585
623,Lasteta paar,Tegelik,0.26,9.19,2019,585
624,Lasteta paar,Ennustatud,0.26,8.89,2019,585
625,Ühe lapsega paar,Tegelik,0,7.34,2019,585
626,Ühe lapsega paar,Ennustatud,0,7.34,2019,585
627,Kahe lapsega paar,Tegelik,0,9.52,2019,585
628,Kahe lapsega paar,Ennustatud,0,9.24,2019,585
629,Kolme ja enama lapsega paar,Tegelik,0,7.99,2019,585
630,Kolme ja enama lapsega paar,Ennustatud,0,7.99,2019,585
631,Üksik mees,Tegelik,6.03,32.75,2019,586
632,Üksik mees,Ennustatud,6.03,32.75,2019,586
633,Üksik naine,Tegelik,1.32,21.29,2019,586
634,Üksik naine,Ennustatud,1.32,21.29,2019,586
635,Üksikvanem,Tegelik,0,30.12,2019,586
636,Üksikvanem,Ennustatud,0,28.14,2019,586
637,Lasteta paar,Tegelik,0.26,9.19,2019,586
638,Lasteta paar,Ennustatud,0.26,8.89,2019,586
639,Ühe lapsega paar,Tegelik,0,7.34,2019,586
640,Ühe lapsega paar,Ennustatud,0,7.34,2019,586
641,Kahe lapsega paar,Tegelik,0,9.52,2019,586
642,Kahe lapsega paar,Ennustatud,0,9.24,2019,586
643,Kolme ja enama lapsega paar,Tegelik,0,7.99,2019,586
644,Kolme ja enama lapsega paar,Ennustatud,0,7.99,2019,586
645,Üksik mees,Tegelik,6.03,32.75,2019,587
646,Üksik mees,Ennustatud,6.03,32.75,2019,587
647,Üksik naine,Tegelik,1.32,21.29,2019,587
648,Üksik naine,Ennustatud,1.32,21.29,2019,587
649,Üksikvanem,Tegelik,0,30.12,2019,587
650,Üksikvanem,Ennustatud,0,28.14,2019,587
651,Lasteta paar,Tegelik,0.26,9.19,2019,587
652,Lasteta paar,Ennustatud,0.26,8.89,2019,587
653,Ühe lapsega paar,Tegelik,0,7.34,2019,587
654,Ühe lapsega paar,Ennustatud,0,7.34,2019,587
655,Kahe lapsega paar,Tegelik,0,9.52,2019,587
656,Kahe lapsega paar,Ennustatud,0,9.24,2019,587
657,Kolme ja enama lapsega paar,Tegelik,0,7.99,2019,587
658,Kolme ja enama lapsega paar,Ennustatud,0,7.99,2019,587
659,Üksik mees,Tegelik,6.03,32.75,2019,588
660,Üksik mees,Ennustatud,6.03,32.75,2019,588
661,Üksik naine,Tegelik,1.32,21.29,2019,588
662,Üksik naine,Ennustatud,1.32,21.29,2019,588
663,Üksikvanem,Tegelik,0,30.12,2019,588
664,Üksikvanem,Ennustatud,0,28.14,2019,588
665,Lasteta paar,Tegelik,0.26,9.19,2019,588
666,Lasteta paar,Ennustatud,0.26,8.89,2019,588
667,Ühe lapsega paar,Tegelik,0,7.34,2019,588
668,Ühe lapsega paar,Ennustatud,0,7.34,2019,588
669,Kahe lapsega paar,Tegelik,0,9.52,2019,588
670,Kahe lapsega paar,Ennustatud,0,9.24,2019,588
671,Kolme ja enama lapsega paar,Tegelik,0,7.99,2019,588
672,Kolme ja enama lapsega paar,Ennustatud,0,7.99,2019,588
673,Üksik mees,Tegelik,6.03,32.75,2019,589
674,Üksik mees,Ennustatud,6.03,32.75,2019,589
675,Üksik naine,Tegelik,1.32,21.29,2019,589
676,Üksik naine,Ennustatud,1.32,21.29,2019,589
677,Üksikvanem,Tegelik,0,30.12,2019,589
678,Üksikvanem,Ennustatud,0,27.15,2019,589
679,Lasteta paar,Tegelik,0.26,9.19,2019,589
680,Lasteta paar,Ennustatud,0.26,8.89,2019,589
681,Ühe lapsega paar,Tegelik,0,7.34,2019,589
682,Ühe lapsega paar,Ennustatud,0,7.34,2019,589
683,Kahe lapsega paar,Tegelik,0,9.52,2019,589
684,Kahe lapsega paar,Ennustatud,0,9.24,2019,589
685,Kolme ja enama lapsega paar,Tegelik,0,7.99,2019,589
686,Kolme ja enama lapsega paar,Ennustatud,0,7.99,2019,589
687,Üksik mees,Tegelik,6.03,32.75,2019,590
688,Üksik mees,Ennustatud,6.03,32.75,2019,590
689,Üksik naine,Tegelik,1.32,21.29,2019,590
690,Üksik naine,Ennustatud,1.32,21.29,2019,590
691,Üksikvanem,Tegelik,0,30.12,2019,590
692,Üksikvanem,Ennustatud,0,27.15,2019,590
693,Lasteta paar,Tegelik,0.26,9.19,2019,590
694,Lasteta paar,Ennustatud,0.26,8.89,2019,590
695,Ühe lapsega paar,Tegelik,0,7.34,2019,590
696,Ühe lapsega paar,Ennustatud,0,7.34,2019,590
697,Kahe lapsega paar,Tegelik,0,9.52,2019,590
698,Kahe lapsega paar,Ennustatud,0,9.24,2019,590
699,Kolme ja enama lapsega paar,Tegelik,0,7.99,2019,590
700,Kolme ja enama lapsega paar,Ennustatud,0,7.99,2019,590
701,Üksik mees,Tegelik,6.03,32.75,2019,591
702,Üksik mees,Ennustatud,6.03,32.75,2019,591
703,Üksik naine,Tegelik,1.32,21.29,2019,591
704,Üksik naine,Ennustatud,1.32,21.29,2019,591
705,Üksikvanem,Tegelik,0,30.12,2019,591
706,Üksikvanem,Ennustatud,0,26.77,2019,591
707,Lasteta paar,Tegelik,0.26,9.19,2019,591
708,Lasteta paar,Ennustatud,0.26,8.89,2019,591
709,Ühe lapsega paar,Tegelik,0,7.34,2019,591
710,Ühe lapsega paar,Ennustatud,0,7.34,2019,591
711,Kahe lapsega paar,Tegelik,0,9.52,2019,591
712,Kahe lapsega paar,Ennustatud,0,9.24,2019,591
713,Kolme ja enama lapsega paar,Tegelik,0,7.99,2019,591
714,Kolme ja enama lapsega paar,Ennustatud,0,7.99,2019,591
715,Üksik mees,Tegelik,6.03,32.75,2019,592
716,Üksik mees,Ennustatud,6.03,32.75,2019,592
717,Üksik naine,Tegelik,1.32,21.29,2019,592
718,Üksik naine,Ennustatud,1.32,21.29,2019,592
719,Üksikvanem,Tegelik,0,30.12,2019,592
720,Üksikvanem,Ennustatud,0,26.77,2019,592
721,Lasteta paar,Tegelik,0.26,9.19,2019,592
722,Lasteta paar,Ennustatud,0.26,8.89,2019,592
723,Ühe lapsega paar,Tegelik,0,7.34,2019,592
724,Ühe lapsega paar,Ennustatud,0,7.34,2019,592
725,Kahe lapsega paar,Tegelik,0,9.52,2019,592
726,Kahe lapsega paar,Ennustatud,0,9.24,2019,592
727,Kolme ja enama lapsega paar,Tegelik,0,7.99,2019,592
728,Kolme ja enama lapsega paar,Ennustatud,0,7.99,2019,592
729,Üksik mees,Tegelik,6.03,32.75,2019,593
730,Üksik mees,Ennustatud,6.03,32.75,2019,593
731,Üksik naine,Tegelik,1.32,21.29,2019,593
732,Üksik naine,Ennustatud,1.32,21.29,2019,593
733,Üksikvanem,Tegelik,0,30.12,2019,593
734,Üksikvanem,Ennustatud,0,26.77,2019,593
735,Lasteta paar,Tegelik,0.26,9.19,2019,593
736,Lasteta paar,Ennustatud,0.26,8.89,2019,593
737,Ühe lapsega paar,Tegelik,0,7.34,2019,593
738,Ühe lapsega paar,Ennustatud,0,7.34,2019,593
739,Kahe lapsega paar,Tegelik,0,9.52,2019,593
740,Kahe lapsega paar,Ennustatud,0,9.24,2019,593
741,Kolme ja enama lapsega paar,Tegelik,0,7.99,2019,593
742,Kolme ja enama lapsega paar,Ennustatud,0,7.99,2019,593
743,Üksik mees,Tegelik,6.03,32.75,2019,594
744,Üksik mees,Ennustatud,6.03,32.75,2019,594
745,Üksik naine,Tegelik,1.32,21.29,2019,594
746,Üksik naine,Ennustatud,1.32,21.29,2019,594
747,Üksikvanem,Tegelik,0,30.12,2019,594
748,Üksikvanem,Ennustatud,0,26.77,2019,594
749,Lasteta paar,Tegelik,0.26,9.19,2019,594
750,Lasteta paar,Ennustatud,0.26,8.89,2019,594
751,Ühe lapsega paar,Tegelik,0,7.34,2019,594
752,Ühe lapsega paar,Ennustatud,0,7.34,2019,594
753,Kahe lapsega paar,Tegelik,0,9.52,2019,594
754,Kahe lapsega paar,Ennustatud,0,9.24,2019,594
755,Kolme ja enama lapsega paar,Tegelik,0,7.99,2019,594
756,Kolme ja enama lapsega paar,Ennustatud,0,7.99,2019,594
757,Üksik mees,Tegelik,6.03,32.75,2019,595
758,Üksik mees,Ennustatud,6.03,32.75,2019,595
759,Üksik naine,Tegelik,1.32,21.29,2019,595
760,Üksik naine,Ennustatud,1.32,21.29,2019,595
761,Üksikvanem,Tegelik,0,30.12,2019,595
762,Üksikvanem,Ennustatud,0,26.77,2019,595
763,Lasteta paar,Tegelik,0.26,9.19,2019,595
764,Lasteta paar,Ennustatud,0.26,8.89,2019,595
765,Ühe lapsega paar,Tegelik,0,7.34,2019,595
766,Ühe lapsega paar,Ennustatud,0,7.34,2019,595
767,Kahe lapsega paar,Tegelik,0,9.52,2019,595
768,Kahe lapsega paar,Ennustatud,0,9.24,2019,595
769,Kolme ja enama lapsega paar,Tegelik,0,7.99,2019,595
770,Kolme ja enama lapsega paar,Ennustatud,0,7.99,2019,595
771,Üksik mees,Tegelik,6.03,32.75,2019,596
772,Üksik mees,Ennustatud,6.03,32.75,2019,596
773,Üksik naine,Tegelik,1.32,21.29,2019,596
774,Üksik naine,Ennustatud,1.32,21.29,2019,596
775,Üksikvanem,Tegelik,0,30.12,2019,596
776,Üksikvanem,Ennustatud,0,26.77,2019,596
777,Lasteta paar,Tegelik,0.26,9.19,2019,596
778,Lasteta paar,Ennustatud,0.26,8.96,2019,596
779,Ühe lapsega paar,Tegelik,0,7.34,2019,596
780,Ühe lapsega paar,Ennustatud,0,7.34,2019,596
781,Kahe lapsega paar,Tegelik,0,9.52,2019,596
782,Kahe lapsega paar,Ennustatud,0,9.24,2019,596
783,Kolme ja enama lapsega paar,Tegelik,0,7.99,2019,596
784,Kolme ja enama lapsega paar,Ennustatud,0,7.99,2019,596
785,Üksik mees,Tegelik,6.03,32.75,2019,597
786,Üksik mees,Ennustatud,6.03,32.75,2019,597
787,Üksik naine,Tegelik,1.32,21.29,2019,597
788,Üksik naine,Ennustatud,1.32,21.29,2019,597
789,Üksikvanem,Tegelik,0,30.12,2019,597
790,Üksikvanem,Ennustatud,0,27.01,2019,597
791,Lasteta paar,Tegelik,0.26,9.19,2019,597
792,Lasteta paar,Ennustatud,0.26,8.96,2019,597
793,Ühe lapsega paar,Tegelik,0,7.34,2019,597
794,Ühe lapsega paar,Ennustatud,0,7.34,2019,597
795,Kahe lapsega paar,Tegelik,0,9.52,2019,597
796,Kahe lapsega paar,Ennustatud,0,9.24,2019,597
797,Kolme ja enama lapsega paar,Tegelik,0,7.99,2019,597
798,Kolme ja enama lapsega paar,Ennustatud,0,7.99,2019,597
799,Üksik mees,Tegelik,6.03,32.75,2019,598
800,Üksik mees,Ennustatud,6.03,32.75,2019,598
801,Üksik naine,Tegelik,1.32,21.29,2019,598
802,Üksik naine,Ennustatud,1.32,21.29,2019,598
803,Üksikvanem,Tegelik,0,30.12,2019,598
804,Üksikvanem,Ennustatud,0,27.96,2019,598
805,Lasteta paar,Tegelik,0.26,9.19,2019,598
806,Lasteta paar,Ennustatud,0.26,8.96,2019,598
807,Ühe lapsega paar,Tegelik,0,7.34,2019,598
808,Ühe lapsega paar,Ennustatud,0,7.34,2019,598
809,Kahe lapsega paar,Tegelik,0,9.52,2019,598
810,Kahe lapsega paar,Ennustatud,0,9.24,2019,598
811,Kolme ja enama lapsega paar,Tegelik,0,7.99,2019,598
812,Kolme ja enama lapsega paar,Ennustatud,0,7.99,2019,598
813,Üksik mees,Tegelik,6.03,32.75,2019,599
814,Üksik mees,Ennustatud,6.03,32.75,2019,599
815,Üksik naine,Tegelik,1.32,21.29,2019,599
816,Üksik naine,Ennustatud,1.32,21.29,2019,599
817,Üksikvanem,Tegelik,0,30.12,2019,599
818,Üksikvanem,Ennustatud,0,27.96,2019,599
819,Lasteta paar,Tegelik,0.26,9.19,2019,599
820,Lasteta paar,Ennustatud,0.26,8.96,2019,599
821,Ühe lapsega paar,Tegelik,0,7.34,2019,599
822,Ühe lapsega paar,Ennustatud,0,7.34,2019,599
823,Kahe lapsega paar,Tegelik,0,9.52,2019,599
824,Kahe lapsega paar,Ennustatud,0,9.24,2019,599
825,Kolme ja enama lapsega paar,Tegelik,0,7.99,2019,599
826,Kolme ja enama lapsega paar,Ennustatud,0,7.99,2019,599
827,Üksik mees,Tegelik,6.03,32.75,2019,600
828,Üksik mees,Ennustatud,6.03,32.75,2019,600
829,Üksik naine,Tegelik,1.32,21.29,2019,600
830,Üksik naine,Ennustatud,1.32,21.29,2019,600
831,Üksikvanem,Tegelik,0,30.12,2019,600
832,Üksikvanem,Ennustatud,0,27.96,2019,600
833,Lasteta paar,Tegelik,0.26,9.19,2019,600
834,Lasteta paar,Ennustatud,0.26,8.96,2019,600
835,Ühe lapsega paar,Tegelik,0,7.34,2019,600
836,Ühe lapsega paar,Ennustatud,0,7.34,2019,600
837,Kahe lapsega paar,Tegelik,0,9.52,2019,600
838,Kahe lapsega paar,Ennustatud,0,9.24,2019,600
839,Kolme ja enama lapsega paar,Tegelik,0,7.99,2019,600
840,Kolme ja enama lapsega paar,Ennustatud,0,7.99,2019,600
841,Üksik mees,Tegelik,6.03,32.75,2019,601
842,Üksik mees,Ennustatud,6.03,32.75,2019,601
843,Üksik naine,Tegelik,1.32,21.29,2019,601
844,Üksik naine,Ennustatud,1.32,21.29,2019,601
845,Üksikvanem,Tegelik,0,30.12,2019,601
846,Üksikvanem,Ennustatud,0,27.96,2019,601
847,Lasteta paar,Tegelik,0.26,9.19,2019,601
848,Lasteta paar,Ennustatud,0.26,8.96,2019,601
849,Ühe lapsega paar,Tegelik,0,7.34,2019,601
850,Ühe lapsega paar,Ennustatud,0,7.34,2019,601
851,Kahe lapsega paar,Tegelik,0,9.52,2019,601
852,Kahe lapsega paar,Ennustatud,0,9.24,2019,601
853,Kolme ja enama lapsega paar,Tegelik,0,7.99,2019,601
854,Kolme ja enama lapsega paar,Ennustatud,0,7.99,2019,601
855,Üksik mees,Tegelik,6.03,32.75,2019,602
856,Üksik mees,Ennustatud,6.03,32.75,2019,602
857,Üksik naine,Tegelik,1.32,21.29,2019,602
858,Üksik naine,Ennustatud,1.32,21.29,2019,602
859,Üksikvanem,Tegelik,0,30.12,2019,602
860,Üksikvanem,Ennustatud,0,27.96,2019,602
861,Lasteta paar,Tegelik,0.26,9.19,2019,602
862,Lasteta paar,Ennustatud,0.26,8.96,2019,602
863,Ühe lapsega paar,Tegelik,0,7.34,2019,602
864,Ühe lapsega paar,Ennustatud,0,7.34,2019,602
865,Kahe lapsega paar,Tegelik,0,9.52,2019,602
866,Kahe lapsega paar,Ennustatud,0,9.24,2019,602
867,Kolme ja enama lapsega paar,Tegelik,0,7.99,2019,602
868,Kolme ja enama lapsega paar,Ennustatud,0,7.99,2019,602
869,Üksik mees,Tegelik,6.03,32.75,2019,603
870,Üksik mees,Ennustatud,6.03,32.75,2019,603
871,Üksik naine,Tegelik,1.32,21.29,2019,603
872,Üksik naine,Ennustatud,1.32,21.29,2019,603
873,Üksikvanem,Tegelik,0,30.12,2019,603
874,Üksikvanem,Ennustatud,0,27.96,2019,603
875,Lasteta paar,Tegelik,0.26,9.19,2019,603
876,Lasteta paar,Ennustatud,0.26,8.96,2019,603
877,Ühe lapsega paar,Tegelik,0,7.34,2019,603
878,Ühe lapsega paar,Ennustatud,0,7.34,2019,603
879,Kahe lapsega paar,Tegelik,0,9.52,2019,603
880,Kahe lapsega paar,Ennustatud,0,9.24,2019,603
881,Kolme ja enama lapsega paar,Tegelik,0,7.99,2019,603
882,Kolme ja enama lapsega paar,Ennustatud,0,7.99,2019,603
883,Üksik mees,Tegelik,6.03,32.75,2019,604
884,Üksik mees,Ennustatud,6.03,32.75,2019,604
885,Üksik naine,Tegelik,1.32,21.29,2019,604
886,Üksik naine,Ennustatud,1.32,21.29,2019,604
887,Üksikvanem,Tegelik,0,30.12,2019,604
888,Üksikvanem,Ennustatud,0,27.96,2019,604
889,Lasteta paar,Tegelik,0.26,9.19,2019,604
890,Lasteta paar,Ennustatud,0.26,8.96,2019,604
891,Ühe lapsega paar,Tegelik,0,7.34,2019,604
892,Ühe lapsega paar,Ennustatud,0,7.34,2019,604
893,Kahe lapsega paar,Tegelik,0,9.52,2019,604
894,Kahe lapsega paar,Ennustatud,0,9.24,2019,604
895,Kolme ja enama lapsega paar,Tegelik,0,7.99,2019,604
896,Kolme ja enama lapsega paar,Ennustatud,0,7.99,2019,604
897,Üksik mees,Tegelik,6.03,32.75,2019,605
898,Üksik mees,Ennustatud,6.03,32.75,2019,605
899,Üksik naine,Tegelik,1.32,21.29,2019,605
900,Üksik naine,Ennustatud,1.32,21.29,2019,605
901,Üksikvanem,Tegelik,0,30.12,2019,605
902,Üksikvanem,Ennustatud,0,27.96,2019,605
903,Lasteta paar,Tegelik,0.26,9.19,2019,605
904,Lasteta paar,Ennustatud,0.26,8.96,2019,605
905,Ühe lapsega paar,Tegelik,0,7.34,2019,605
906,Ühe lapsega paar,Ennustatud,0,7.34,2019,605
907,Kahe lapsega paar,Tegelik,0,9.52,2019,605
908,Kahe lapsega paar,Ennustatud,0,9.24,2019,605
909,Kolme ja enama lapsega paar,Tegelik,0,7.99,2019,605
910,Kolme ja enama lapsega paar,Ennustatud,0,7.99,2019,605
911,Üksik mees,Tegelik,6.03,32.75,2019,606
912,Üksik mees,Ennustatud,6.03,32.75,2019,606
913,Üksik naine,Tegelik,1.32,21.29,2019,606
914,Üksik naine,Ennustatud,1.32,21.29,2019,606
915,Üksikvanem,Tegelik,0,30.12,2019,606
916,Üksikvanem,Ennustatud,0,27.96,2019,606
917,Lasteta paar,Tegelik,0.26,9.19,2019,606
918,Lasteta paar,Ennustatud,0.26,8.96,2019,606
919,Ühe lapsega paar,Tegelik,0,7.34,2019,606
920,Ühe lapsega paar,Ennustatud,0,7.34,2019,606
921,Kahe lapsega paar,Tegelik,0,9.52,2019,606
922,Kahe lapsega paar,Ennustatud,0,9.24,2019,606
923,Kolme ja enama lapsega paar,Tegelik,0,7.99,2019,606
924,Kolme ja enama lapsega paar,Ennustatud,0,7.99,2019,606
925,Üksik mees,Tegelik,6.03,32.75,2019,607
926,Üksik mees,Ennustatud,6.03,32.75,2019,607
927,Üksik naine,Tegelik,1.32,21.29,2019,607
928,Üksik naine,Ennustatud,1.32,21.29,2019,607
929,Üksikvanem,Tegelik,0,30.12,2019,607
930,Üksikvanem,Ennustatud,0,27.96,2019,607
931,Lasteta paar,Tegelik,0.26,9.19,2019,607
932,Lasteta paar,Ennustatud,0.26,8.96,2019,607
933,Ühe lapsega paar,Tegelik,0,7.34,2019,607
934,Ühe lapsega paar,Ennustatud,0,7.34,2019,607
935,Kahe lapsega paar,Tegelik,0,9.52,2019,607
936,Kahe lapsega paar,Ennustatud,0,9.24,2019,607
937,Kolme ja enama lapsega paar,Tegelik,0,7.99,2019,607
938,Kolme ja enama lapsega paar,Ennustatud,0,7.99,2019,607
939,Üksik mees,Tegelik,6.03,32.75,2019,608
940,Üksik mees,Ennustatud,6.03,32.75,2019,608
941,Üksik naine,Tegelik,1.32,21.29,2019,608
942,Üksik naine,Ennustatud,1.32,21.29,2019,608
943,Üksikvanem,Tegelik,0,30.12,2019,608
944,Üksikvanem,Ennustatud,0,27.96,2019,608
945,Lasteta paar,Tegelik,0.26,9.19,2019,608
946,Lasteta paar,Ennustatud,0.26,8.96,2019,608
947,Ühe lapsega paar,Tegelik,0,7.34,2019,608
948,Ühe lapsega paar,Ennustatud,0,7.34,2019,608
949,Kahe lapsega paar,Tegelik,0,9.52,2019,608
950,Kahe lapsega paar,Ennustatud,0,9.24,2019,608
951,Kolme ja enama lapsega paar,Tegelik,0,7.99,2019,608
952,Kolme ja enama lapsega paar,Ennustatud,0,7.99,2019,608
953,Üksik mees,Tegelik,6.03,32.75,2019,609
954,Üksik mees,Ennustatud,6.03,32.75,2019,609
955,Üksik naine,Tegelik,1.32,21.29,2019,609
956,Üksik naine,Ennustatud,1.32,21.29,2019,609
957,Üksikvanem,Tegelik,0,30.12,2019,609
958,Üksikvanem,Ennustatud,0,27.96,2019,609
959,Lasteta paar,Tegelik,0.26,9.19,2019,609
960,Lasteta paar,Ennustatud,0.26,8.96,2019,609
961,Ühe lapsega paar,Tegelik,0,7.34,2019,609
962,Ühe lapsega paar,Ennustatud,0,7.34,2019,609
963,Kahe lapsega paar,Tegelik,0,9.52,2019,609
964,Kahe lapsega paar,Ennustatud,0,9.24,2019,609
965,Kolme ja enama lapsega paar,Tegelik,0,7.99,2019,609
966,Kolme ja enama lapsega paar,Ennustatud,0,7.99,2019,609
967,Üksik mees,Tegelik,6.03,32.75,2019,610
968,Üksik mees,Ennustatud,6.03,32.75,2019,610
969,Üksik naine,Tegelik,1.32,21.29,2019,610
970,Üksik naine,Ennustatud,1.32,21.29,2019,610
971,Üksikvanem,Tegelik,0,30.12,2019,610
972,Üksikvanem,Ennustatud,0,27.96,2019,610
973,Lasteta paar,Tegelik,0.26,9.19,2019,610
974,Lasteta paar,Ennustatud,0.26,8.96,2019,610
975,Ühe lapsega paar,Tegelik,0,7.34,2019,610
976,Ühe lapsega paar,Ennustatud,0,7.34,2019,610
977,Kahe lapsega paar,Tegelik,0,9.52,2019,610
978,Kahe lapsega paar,Ennustatud,0,9.24,2019,610
979,Kolme ja enama lapsega paar,Tegelik,0,7.99,2019,610
980,Kolme ja enama lapsega paar,Ennustatud,0,7.99,2019,610
981,Üksik mees,Tegelik,6.03,32.75,2019,611
982,Üksik mees,Ennustatud,6.03,32.75,2019,611
983,Üksik naine,Tegelik,1.32,21.29,2019,611
984,Üksik naine,Ennustatud,1.32,21.29,2019,611
985,Üksikvanem,Tegelik,0,30.12,2019,611
986,Üksikvanem,Ennustatud,0,27.96,2019,611
987,Lasteta paar,Tegelik,0.26,9.19,2019,611
988,Lasteta paar,Ennustatud,0.26,8.96,2019,611
989,Ühe lapsega paar,Tegelik,0,7.34,2019,611
990,Ühe lapsega paar,Ennustatud,0,7.34,2019,611
991,Kahe lapsega paar,Tegelik,0,9.52,2019,611
992,Kahe lapsega paar,Ennustatud,0,9.24,2019,611
993,Kolme ja enama lapsega paar,Tegelik,0,7.99,2019,611
994,Kolme ja enama lapsega paar,Ennustatud,0,7.99,2019,611
995,Üksik mees,Tegelik,6.03,32.75,2019,612
996,Üksik mees,Ennustatud,6.03,32.75,2019,612
997,Üksik naine,Tegelik,1.32,21.29,2019,612
998,Üksik naine,Ennustatud,1.32,21.29,2019,612
999,Üksikvanem,Tegelik,0,30.12,2019,612
1000,Üksikvanem,Ennustatud,0,27.96,2019,612
1001,Lasteta paar,Tegelik,0.26,9.19,2019,612
1002,Lasteta paar,Ennustatud,0.26,8.96,2019,612
1003,Ühe lapsega paar,Tegelik,0,7.34,2019,612
1004,Ühe lapsega paar,Ennustatud,0,7.34,2019,612
1005,Kahe lapsega paar,Tegelik,0,9.52,2019,612
1006,Kahe lapsega paar,Ennustatud,0,9.24,2019,612
1007,Kolme ja enama lapsega paar,Tegelik,0,7.99,2019,612
1008,Kolme ja enama lapsega paar,Ennustatud,0,7.99,2019,612
1009,Üksik mees,Tegelik,6.03,32.75,2019,613
1010,Üksik mees,Ennustatud,6.03,32.75,2019,613
1011,Üksik naine,Tegelik,1.32,21.29,2019,613
1012,Üksik naine,Ennustatud,1.32,21.29,2019,613
1013,Üksikvanem,Tegelik,0,30.12,2019,613
1014,Üksikvanem,Ennustatud,0,27.96,2019,613
1015,Lasteta paar,Tegelik,0.26,9.19,2019,613
1016,Lasteta paar,Ennustatud,0.26,8.96,2019,613
1017,Ühe lapsega paar,Tegelik,0,7.34,2019,613
1018,Ühe lapsega paar,Ennustatud,0,7.34,2019,613
1019,Kahe lapsega paar,Tegelik,0,9.52,2019,613
1020,Kahe lapsega paar,Ennustatud,0,9.24,2019,613
1021,Kolme ja enama lapsega paar,Tegelik,0,7.99,2019,613
1022,Kolme ja enama lapsega paar,Ennustatud,0,7.99,2019,613
1023,Üksik mees,Tegelik,6.03,32.75,2019,614
1024,Üksik mees,Ennustatud,6.03,32.75,2019,614
1025,Üksik naine,Tegelik,1.32,21.29,2019,614
1026,Üksik naine,Ennustatud,1.32,21.29,2019,614
1027,Üksikvanem,Tegelik,0,30.12,2019,614
1028,Üksikvanem,Ennustatud,0,27.96,2019,614
1029,Lasteta paar,Tegelik,0.26,9.19,2019,614
1030,Lasteta paar,Ennustatud,0.26,8.96,2019,614
1031,Ühe lapsega paar,Tegelik,0,7.34,2019,614
1032,Ühe lapsega paar,Ennustatud,0,7.34,2019,614
1033,Kahe lapsega paar,Tegelik,0,9.52,2019,614
1034,Kahe lapsega paar,Ennustatud,0,9.24,2019,614
1035,Kolme ja enama lapsega paar,Tegelik,0,7.99,2019,614
1036,Kolme ja enama lapsega paar,Ennustatud,0,7.99,2019,614
1037,Üksik mees,Tegelik,6.03,32.75,2019,615
1038,Üksik mees,Ennustatud,6.03,32.75,2019,615
1039,Üksik naine,Tegelik,1.32,21.29,2019,615
1040,Üksik naine,Ennustatud,1.32,21.29,2019,615
1041,Üksikvanem,Tegelik,0,30.12,2019,615
1042,Üksikvanem,Ennustatud,0,27.96,2019,615
1043,Lasteta paar,Tegelik,0.26,9.19,2019,615
1044,Lasteta paar,Ennustatud,0.26,8.96,2019,615
1045,Ühe lapsega paar,Tegelik,0,7.34,2019,615
1046,Ühe lapsega paar,Ennustatud,0,7.34,2019,615
1047,Kahe lapsega paar,Tegelik,0,9.52,2019,615
1048,Kahe lapsega paar,Ennustatud,0,9.24,2019,615
1049,Kolme ja enama lapsega paar,Tegelik,0,7.99,2019,615
1050,Kolme ja enama lapsega paar,Ennustatud,0,7.99,2019,615
1051,Üksik mees,Tegelik,6.03,32.75,2019,616
1052,Üksik mees,Ennustatud,6.03,32.75,2019,616
1053,Üksik naine,Tegelik,1.32,21.29,2019,616
1054,Üksik naine,Ennustatud,1.32,21.29,2019,616
1055,Üksikvanem,Tegelik,0,30.12,2019,616
1056,Üksikvanem,Ennustatud,0,27.96,2019,616
1057,Lasteta paar,Tegelik,0.26,9.19,2019,616
1058,Lasteta paar,Ennustatud,0.26,8.96,2019,616
1059,Ühe lapsega paar,Tegelik,0,7.34,2019,616
1060,Ühe lapsega paar,Ennustatud,0,7.34,2019,616
1061,Kahe lapsega paar,Tegelik,0,9.52,2019,616
1062,Kahe lapsega paar,Ennustatud,0,9.24,2019,616
1063,Kolme ja enama lapsega paar,Tegelik,0,7.99,2019,616
1064,Kolme ja enama lapsega paar,Ennustatud,0,7.99,2019,616
1065,Üksik mees,Tegelik,6.03,32.75,2019,617
1066,Üksik mees,Ennustatud,6.03,32.75,2019,617
1067,Üksik naine,Tegelik,1.32,21.29,2019,617
1068,Üksik naine,Ennustatud,1.32,21.29,2019,617
1069,Üksikvanem,Tegelik,0,30.12,2019,617
1070,Üksikvanem,Ennustatud,0,27.96,2019,617
1071,Lasteta paar,Tegelik,0.26,9.19,2019,617
1072,Lasteta paar,Ennustatud,0.26,8.96,2019,617
1073,Ühe lapsega paar,Tegelik,0,7.34,2019,617
1074,Ühe lapsega paar,Ennustatud,0,7.34,2019,617
1075,Kahe lapsega paar,Tegelik,0,9.52,2019,617
1076,Kahe lapsega paar,Ennustatud,0,9.24,2019,617
1077,Kolme ja enama lapsega paar,Tegelik,0,7.99,2019,617
1078,Kolme ja enama lapsega paar,Ennustatud,0,7.99,2019,617
1079,Üksik mees,Tegelik,6.03,32.75,2019,618
1080,Üksik mees,Ennustatud,6.03,32.75,2019,618
1081,Üksik naine,Tegelik,1.32,21.29,2019,618
1082,Üksik naine,Ennustatud,1.32,21.29,2019,618
1083,Üksikvanem,Tegelik,0,30.12,2019,618
1084,Üksikvanem,Ennustatud,0,27.96,2019,618
1085,Lasteta paar,Tegelik,0.26,9.19,2019,618
1086,Lasteta paar,Ennustatud,0.26,8.96,2019,618
1087,Ühe lapsega paar,Tegelik,0,7.34,2019,618
1088,Ühe lapsega paar,Ennustatud,0,7.34,2019,618
1089,Kahe lapsega paar,Tegelik,0,9.52,2019,618
1090,Kahe lapsega paar,Ennustatud,0,9.24,2019,618
1091,Kolme ja enama lapsega paar,Tegelik,0,7.99,2019,618
1092,Kolme ja enama lapsega paar,Ennustatud,0,7.99,2019,618
1093,Üksik mees,Tegelik,6.03,32.75,2019,619
1094,Üksik mees,Ennustatud,6.03,32.75,2019,619
1095,Üksik naine,Tegelik,1.32,21.29,2019,619
1096,Üksik naine,Ennustatud,1.32,21.29,2019,619
1097,Üksikvanem,Tegelik,0,30.12,2019,619
1098,Üksikvanem,Ennustatud,0,27.96,2019,619
1099,Lasteta paar,Tegelik,0.26,9.19,2019,619
1100,Lasteta paar,Ennustatud,0.26,8.96,2019,619
1101,Ühe lapsega paar,Tegelik,0,7.34,2019,619
1102,Ühe lapsega paar,Ennustatud,0,7.34,2019,619
1103,Kahe lapsega paar,Tegelik,0,9.52,2019,619
1104,Kahe lapsega paar,Ennustatud,0,9.24,2019,619
1105,Kolme ja enama lapsega paar,Tegelik,0,7.99,2019,619
1106,Kolme ja enama lapsega paar,Ennustatud,0,7.99,2019,619
1107,Üksik mees,Tegelik,6.03,32.75,2019,620
1108,Üksik mees,Ennustatud,6.03,32.75,2019,620
1109,Üksik naine,Tegelik,1.32,21.29,2019,620
1110,Üksik naine,Ennustatud,1.32,21.29,2019,620
1111,Üksikvanem,Tegelik,0,30.12,2019,620
1112,Üksikvanem,Ennustatud,0,27.96,2019,620
1113,Lasteta paar,Tegelik,0.26,9.19,2019,620
1114,Lasteta paar,Ennustatud,0.26,8.96,2019,620
1115,Ühe lapsega paar,Tegelik,0,7.34,2019,620
1116,Ühe lapsega paar,Ennustatud,0,7.34,2019,620
1117,Kahe lapsega paar,Tegelik,0,9.52,2019,620
1118,Kahe lapsega paar,Ennustatud,0,9.24,2019,620
1119,Kolme ja enama lapsega paar,Tegelik,0,7.99,2019,620
1120,Kolme ja enama lapsega paar,Ennustatud,0,7.99,2019,620
1121,Üksik mees,Tegelik,6.03,32.75,2019,621
1122,Üksik mees,Ennustatud,6.03,32.75,2019,621
1123,Üksik naine,Tegelik,1.32,21.29,2019,621
1124,Üksik naine,Ennustatud,1.32,21.29,2019,621
1125,Üksikvanem,Tegelik,0,30.12,2019,621
1126,Üksikvanem,Ennustatud,0,27.96,2019,621
1127,Lasteta paar,Tegelik,0.26,9.19,2019,621
1128,Lasteta paar,Ennustatud,0.26,8.96,2019,621
1129,Ühe lapsega paar,Tegelik,0,7.34,2019,621
1130,Ühe lapsega paar,Ennustatud,0,7.34,2019,621
1131,Kahe lapsega paar,Tegelik,0,9.52,2019,621
1132,Kahe lapsega paar,Ennustatud,0,9.24,2019,621
1133,Kolme ja enama lapsega paar,Tegelik,0,7.99,2019,621
1134,Kolme ja enama lapsega paar,Ennustatud,0,7.99,2019,621
1135,Üksik mees,Tegelik,6.03,32.75,2019,622
1136,Üksik mees,Ennustatud,6.03,32.75,2019,622
1137,Üksik naine,Tegelik,1.32,21.29,2019,622
1138,Üksik naine,Ennustatud,1.32,21.29,2019,622
1139,Üksikvanem,Tegelik,0,30.12,2019,622
1140,Üksikvanem,Ennustatud,0,27.96,2019,622
1141,Lasteta paar,Tegelik,0.26,9.19,2019,622
1142,Lasteta paar,Ennustatud,0.26,8.79,2019,622
1143,Ühe lapsega paar,Tegelik,0,7.34,2019,622
1144,Ühe lapsega paar,Ennustatud,0,7.34,2019,622
1145,Kahe lapsega paar,Tegelik,0,9.52,2019,622
1146,Kahe lapsega paar,Ennustatud,0,9.24,2019,622
1147,Kolme ja enama lapsega paar,Tegelik,0,7.99,2019,622
1148,Kolme ja enama lapsega paar,Ennustatud,0,7.99,2019,622
1149,Üksik mees,Tegelik,6.03,32.75,2019,623
1150,Üksik mees,Ennustatud,6.03,32.75,2019,623
1151,Üksik naine,Tegelik,1.32,21.29,2019,623
1152,Üksik naine,Ennustatud,1.32,21.29,2019,623
1153,Üksikvanem,Tegelik,0,30.12,2019,623
1154,Üksikvanem,Ennustatud,0,27.96,2019,623
1155,Lasteta paar,Tegelik,0.26,9.19,2019,623
1156,Lasteta paar,Ennustatud,0.26,8.79,2019,623
1157,Ühe lapsega paar,Tegelik,0,7.34,2019,623
1158,Ühe lapsega paar,Ennustatud,0,7.34,2019,623
1159,Kahe lapsega paar,Tegelik,0,9.52,2019,623
1160,Kahe lapsega paar,Ennustatud,0,9.24,2019,623
1161,Kolme ja enama lapsega paar,Tegelik,0,7.99,2019,623
1162,Kolme ja enama lapsega paar,Ennustatud,0,7.99,2019,623
1163,Üksik mees,Tegelik,6.03,32.75,2019,624
1164,Üksik mees,Ennustatud,6.03,32.75,2019,624
1165,Üksik naine,Tegelik,1.32,21.29,2019,624
1166,Üksik naine,Ennustatud,1.32,21.29,2019,624
1167,Üksikvanem,Tegelik,0,30.12,2019,624
1168,Üksikvanem,Ennustatud,0,27.96,2019,624
1169,Lasteta paar,Tegelik,0.26,9.19,2019,624
1170,Lasteta paar,Ennustatud,0.26,8.79,2019,624
1171,Ühe lapsega paar,Tegelik,0,7.34,2019,624
1172,Ühe lapsega paar,Ennustatud,0,7.34,2019,624
1173,Kahe lapsega paar,Tegelik,0,9.52,2019,624
1174,Kahe lapsega paar,Ennustatud,0,9.24,2019,624
1175,Kolme ja enama lapsega paar,Tegelik,0,7.99,2019,624
1176,Kolme ja enama lapsega paar,Ennustatud,0,7.99,2019,624
1177,Üksik mees,Tegelik,6.03,32.75,2019,625
1178,Üksik mees,Ennustatud,6.03,32.75,2019,625
1179,Üksik naine,Tegelik,1.32,21.29,2019,625
1180,Üksik naine,Ennustatud,1.32,21.29,2019,625
1181,Üksikvanem,Tegelik,0,30.12,2019,625
1182,Üksikvanem,Ennustatud,0,27.96,2019,625
1183,Lasteta paar,Tegelik,0.26,9.19,2019,625
1184,Lasteta paar,Ennustatud,0.26,8.79,2019,625
1185,Ühe lapsega paar,Tegelik,0,7.34,2019,625
1186,Ühe lapsega paar,Ennustatud,0,7.34,2019,625
1187,Kahe lapsega paar,Tegelik,0,9.52,2019,625
1188,Kahe lapsega paar,Ennustatud,0,9.24,2019,625
1189,Kolme ja enama lapsega paar,Tegelik,0,7.99,2019,625
1190,Kolme ja enama lapsega paar,Ennustatud,0,7.99,2019,625
1191,Üksik mees,Tegelik,6.03,32.75,2019,626
1192,Üksik mees,Ennustatud,6.03,32.75,2019,626
1193,Üksik naine,Tegelik,1.32,21.29,2019,626
1194,Üksik naine,Ennustatud,1.32,21.29,2019,626
1195,Üksikvanem,Tegelik,0,30.12,2019,626
1196,Üksikvanem,Ennustatud,0,27.96,2019,626
1197,Lasteta paar,Tegelik,0.26,9.19,2019,626
1198,Lasteta paar,Ennustatud,0.26,8.9,2019,626
1199,Ühe lapsega paar,Tegelik,0,7.34,2019,626
1200,Ühe lapsega paar,Ennustatud,0,7.34,2019,626
1201,Kahe lapsega paar,Tegelik,0,9.52,2019,626
1202,Kahe lapsega paar,Ennustatud,0,9.24,2019,626
1203,Kolme ja enama lapsega paar,Tegelik,0,7.99,2019,626
1204,Kolme ja enama lapsega paar,Ennustatud,0,7.57,2019,626
1205,Üksik mees,Tegelik,6.03,32.75,2019,627
1206,Üksik mees,Ennustatud,6.03,32.75,2019,627
1207,Üksik naine,Tegelik,1.32,21.29,2019,627
1208,Üksik naine,Ennustatud,1.32,21.29,2019,627
1209,Üksikvanem,Tegelik,0,30.12,2019,627
1210,Üksikvanem,Ennustatud,0,27.96,2019,627
1211,Lasteta paar,Tegelik,0.26,9.19,2019,627
1212,Lasteta paar,Ennustatud,0.26,8.9,2019,627
1213,Ühe lapsega paar,Tegelik,0,7.34,2019,627
1214,Ühe lapsega paar,Ennustatud,0,7.34,2019,627
1215,Kahe lapsega paar,Tegelik,0,9.52,2019,627
1216,Kahe lapsega paar,Ennustatud,0,9.24,2019,627
1217,Kolme ja enama lapsega paar,Tegelik,0,7.99,2019,627
1218,Kolme ja enama lapsega paar,Ennustatud,0,7.57,2019,627
1219,Üksik mees,Tegelik,6.03,32.75,2019,628
1220,Üksik mees,Ennustatud,6.03,32.75,2019,628
1221,Üksik naine,Tegelik,1.32,21.29,2019,628
1222,Üksik naine,Ennustatud,1.32,21.29,2019,628
1223,Üksikvanem,Tegelik,0,30.12,2019,628
1224,Üksikvanem,Ennustatud,0,27.96,2019,628
1225,Lasteta paar,Tegelik,0.26,9.19,2019,628
1226,Lasteta paar,Ennustatud,0.26,8.9,2019,628
1227,Ühe lapsega paar,Tegelik,0,7.34,2019,628
1228,Ühe lapsega paar,Ennustatud,0,7.34,2019,628
1229,Kahe lapsega paar,Tegelik,0,9.52,2019,628
1230,Kahe lapsega paar,Ennustatud,0,9.24,2019,628
1231,Kolme ja enama lapsega paar,Tegelik,0,7.99,2019,628
1232,Kolme ja enama lapsega paar,Ennustatud,0,7.57,2019,628
1233,Üksik mees,Tegelik,6.03,32.75,2019,629
1234,Üksik mees,Ennustatud,6.03,32.75,2019,629
1235,Üksik naine,Tegelik,1.32,21.29,2019,629
1236,Üksik naine,Ennustatud,1.32,21.29,2019,629
1237,Üksikvanem,Tegelik,0,30.12,2019,629
1238,Üksikvanem,Ennustatud,0,27.79,2019,629
1239,Lasteta paar,Tegelik,0.26,9.19,2019,629
1240,Lasteta paar,Ennustatud,0.26,8.9,2019,629
1241,Ühe lapsega paar,Tegelik,0,7.34,2019,629
1242,Ühe lapsega paar,Ennustatud,0,7.34,2019,629
1243,Kahe lapsega paar,Tegelik,0,9.52,2019,629
1244,Kahe lapsega paar,Ennustatud,0,9.24,2019,629
1245,Kolme ja enama lapsega paar,Tegelik,0,7.99,2019,629
1246,Kolme ja enama lapsega paar,Ennustatud,0,7.57,2019,629
1247,Üksik mees,Tegelik,6.03,32.75,2019,630
1248,Üksik mees,Ennustatud,6.03,32.75,2019,630
1249,Üksik naine,Tegelik,1.32,21.29,2019,630
1250,Üksik naine,Ennustatud,1.32,21.29,2019,630
1251,Üksikvanem,Tegelik,0,30.12,2019,630
1252,Üksikvanem,Ennustatud,0,27.79,2019,630
1253,Lasteta paar,Tegelik,0.26,9.19,2019,630
1254,Lasteta paar,Ennustatud,0.26,8.9,2019,630
1255,Ühe lapsega paar,Tegelik,0,7.34,2019,630
1256,Ühe lapsega paar,Ennustatud,0,7.34,2019,630
1257,Kahe lapsega paar,Tegelik,0,9.52,2019,630
1258,Kahe lapsega paar,Ennustatud,0,9.24,2019,630
1259,Kolme ja enama lapsega paar,Tegelik,0,7.99,2019,630
1260,Kolme ja enama lapsega paar,Ennustatud,0,7.57,2019,630
1261,Üksik mees,Tegelik,6.03,32.75,2019,631
1262,Üksik mees,Ennustatud,6.03,32.75,2019,631
1263,Üksik naine,Tegelik,1.32,21.29,2019,631
1264,Üksik naine,Ennustatud,1.32,21.29,2019,631
1265,Üksikvanem,Tegelik,0,30.12,2019,631
1266,Üksikvanem,Ennustatud,0,27.79,2019,631
1267,Lasteta paar,Tegelik,0.26,9.19,2019,631
1268,Lasteta paar,Ennustatud,0.26,8.9,2019,631
1269,Ühe lapsega paar,Tegelik,0,7.34,2019,631
1270,Ühe lapsega paar,Ennustatud,0,7.34,2019,631
1271,Kahe lapsega paar,Tegelik,0,9.52,2019,631
1272,Kahe lapsega paar,Ennustatud,0,9.24,2019,631
1273,Kolme ja enama lapsega paar,Tegelik,0,7.99,2019,631
1274,Kolme ja enama lapsega paar,Ennustatud,0,7.57,2019,631
1275,Üksik mees,Tegelik,6.03,32.75,2019,632
1276,Üksik mees,Ennustatud,6.03,32.75,2019,632
1277,Üksik naine,Tegelik,1.32,21.29,2019,632
1278,Üksik naine,Ennustatud,1.32,21.29,2019,632
1279,Üksikvanem,Tegelik,0,30.12,2019,632
1280,Üksikvanem,Ennustatud,0,27.79,2019,632
1281,Lasteta paar,Tegelik,0.26,9.19,2019,632
1282,Lasteta paar,Ennustatud,0.26,8.9,2019,632
1283,Ühe lapsega paar,Tegelik,0,7.34,2019,632
1284,Ühe lapsega paar,Ennustatud,0,7.34,2019,632
1285,Kahe lapsega paar,Tegelik,0,9.52,2019,632
1286,Kahe lapsega paar,Ennustatud,0,9.24,2019,632
1287,Kolme ja enama lapsega paar,Tegelik,0,7.99,2019,632
1288,Kolme ja enama lapsega paar,Ennustatud,0,7.57,2019,632
1289,Üksik mees,Tegelik,6.03,32.75,2019,633
1290,Üksik mees,Ennustatud,6.03,32.75,2019,633
1291,Üksik naine,Tegelik,1.32,21.29,2019,633
1292,Üksik naine,Ennustatud,1.32,21.29,2019,633
1293,Üksikvanem,Tegelik,0,30.12,2019,633
1294,Üksikvanem,Ennustatud,0,27.79,2019,633
1295,Lasteta paar,Tegelik,0.26,9.19,2019,633
1296,Lasteta paar,Ennustatud,0.26,8.9,2019,633
1297,Ühe lapsega paar,Tegelik,0,7.34,2019,633
1298,Ühe lapsega paar,Ennustatud,0,7.34,2019,633
1299,Kahe lapsega paar,Tegelik,0,9.52,2019,633
1300,Kahe lapsega paar,Ennustatud,0,9.24,2019,633
1301,Kolme ja enama lapsega paar,Tegelik,0,7.99,2019,633
1302,Kolme ja enama lapsega paar,Ennustatud,0,7.57,2019,633
1303,Üksik mees,Tegelik,6.03,32.75,2019,634
1304,Üksik mees,Ennustatud,6.03,32.75,2019,634
1305,Üksik naine,Tegelik,1.32,21.29,2019,634
1306,Üksik naine,Ennustatud,1.32,21.29,2019,634
1307,Üksikvanem,Tegelik,0,30.12,2019,634
1308,Üksikvanem,Ennustatud,0,27.79,2019,634
1309,Lasteta paar,Tegelik,0.26,9.19,2019,634
1310,Lasteta paar,Ennustatud,0.26,8.9,2019,634
1311,Ühe lapsega paar,Tegelik,0,7.34,2019,634
1312,Ühe lapsega paar,Ennustatud,0,7.34,2019,634
1313,Kahe lapsega paar,Tegelik,0,9.52,2019,634
1314,Kahe lapsega paar,Ennustatud,0,9.24,2019,634
1315,Kolme ja enama lapsega paar,Tegelik,0,7.99,2019,634
1316,Kolme ja enama lapsega paar,Ennustatud,0,7.57,2019,634
1317,Üksik mees,Tegelik,6.03,32.75,2019,635
1318,Üksik mees,Ennustatud,6.03,32.75,2019,635
1319,Üksik naine,Tegelik,1.32,21.29,2019,635
1320,Üksik naine,Ennustatud,1.32,21.29,2019,635
1321,Üksikvanem,Tegelik,0,30.12,2019,635
1322,Üksikvanem,Ennustatud,0,27.79,2019,635
1323,Lasteta paar,Tegelik,0.26,9.19,2019,635
1324,Lasteta paar,Ennustatud,0.26,8.9,2019,635
1325,Ühe lapsega paar,Tegelik,0,7.34,2019,635
1326,Ühe lapsega paar,Ennustatud,0,7.34,2019,635
1327,Kahe lapsega paar,Tegelik,0,9.52,2019,635
1328,Kahe lapsega paar,Ennustatud,0,9.36,2019,635
1329,Kolme ja enama lapsega paar,Tegelik,0,7.99,2019,635
1330,Kolme ja enama lapsega paar,Ennustatud,0,7.57,2019,635
1331,Üksik mees,Tegelik,6.03,32.75,2019,636
1332,Üksik mees,Ennustatud,6.03,32.75,2019,636
1333,Üksik naine,Tegelik,1.32,21.29,2019,636
1334,Üksik naine,Ennustatud,1.32,21.29,2019,636
1335,Üksikvanem,Tegelik,0,30.12,2019,636
1336,Üksikvanem,Ennustatud,0,27.79,2019,636
1337,Lasteta paar,Tegelik,0.26,9.19,2019,636
1338,Lasteta paar,Ennustatud,0.26,9.01,2019,636
1339,Ühe lapsega paar,Tegelik,0,7.34,2019,636
1340,Ühe lapsega paar,Ennustatud,0,7.5,2019,636
1341,Kahe lapsega paar,Tegelik,0,9.52,2019,636
1342,Kahe lapsega paar,Ennustatud,0,9.36,2019,636
1343,Kolme ja enama lapsega paar,Tegelik,0,7.99,2019,636
1344,Kolme ja enama lapsega paar,Ennustatud,0,7.57,2019,636
1345,Üksik mees,Tegelik,6.03,32.75,2019,637
1346,Üksik mees,Ennustatud,6.03,32.75,2019,637
1347,Üksik naine,Tegelik,1.32,21.29,2019,637
1348,Üksik naine,Ennustatud,1.32,21.29,2019,637
1349,Üksikvanem,Tegelik,0,30.12,2019,637
1350,Üksikvanem,Ennustatud,0,27.79,2019,637
1351,Lasteta paar,Tegelik,0.26,9.19,2019,637
1352,Lasteta paar,Ennustatud,0.26,9.01,2019,637
1353,Ühe lapsega paar,Tegelik,0,7.34,2019,637
1354,Ühe lapsega paar,Ennustatud,0,7.5,2019,637
1355,Kahe lapsega paar,Tegelik,0,9.52,2019,637
1356,Kahe lapsega paar,Ennustatud,0,9.36,2019,637
1357,Kolme ja enama lapsega paar,Tegelik,0,7.99,2019,637
1358,Kolme ja enama lapsega paar,Ennustatud,0,7.57,2019,637
1359,Üksik mees,Tegelik,6.03,32.75,2019,638
1360,Üksik mees,Ennustatud,6.03,32.75,2019,638
1361,Üksik naine,Tegelik,1.32,21.29,2019,638
1362,Üksik naine,Ennustatud,1.32,21.29,2019,638
1363,Üksikvanem,Tegelik,0,30.12,2019,638
1364,Üksikvanem,Ennustatud,0,27.79,2019,638
1365,Lasteta paar,Tegelik,0.26,9.19,2019,638
1366,Lasteta paar,Ennustatud,0.26,9.01,2019,638
1367,Ühe lapsega paar,Tegelik,0,7.34,2019,638
1368,Ühe lapsega paar,Ennustatud,0,7.42,2019,638
1369,Kahe lapsega paar,Tegelik,0,9.52,2019,638
1370,Kahe lapsega paar,Ennustatud,0,9.36,2019,638
1371,Kolme ja enama lapsega paar,Tegelik,0,7.99,2019,638
1372,Kolme ja enama lapsega paar,Ennustatud,0,7.57,2019,638
1373,Üksik mees,Tegelik,6.03,32.75,2019,639
1374,Üksik mees,Ennustatud,6.03,32.75,2019,639
1375,Üksik naine,Tegelik,1.32,21.29,2019,639
1376,Üksik naine,Ennustatud,1.32,21.29,2019,639
1377,Üksikvanem,Tegelik,0,30.12,2019,639
1378,Üksikvanem,Ennustatud,0,27.79,2019,639
1379,Lasteta paar,Tegelik,0.26,9.19,2019,639
1380,Lasteta paar,Ennustatud,0.26,9.01,2019,639
1381,Ühe lapsega paar,Tegelik,0,7.34,2019,639
1382,Ühe lapsega paar,Ennustatud,0,7.42,2019,639
1383,Kahe lapsega paar,Tegelik,0,9.52,2019,639
1384,Kahe lapsega paar,Ennustatud,0,9.36,2019,639
1385,Kolme ja enama lapsega paar,Tegelik,0,7.99,2019,639
1386,Kolme ja enama lapsega paar,Ennustatud,0,7.57,2019,639
1387,Üksik mees,Tegelik,6.03,32.75,2019,640
1388,Üksik mees,Ennustatud,6.03,32.75,2019,640
1389,Üksik naine,Tegelik,1.32,21.29,2019,640
1390,Üksik naine,Ennustatud,1.32,21.29,2019,640
1391,Üksikvanem,Tegelik,0,30.12,2019,640
1392,Üksikvanem,Ennustatud,0,27.79,2019,640
1393,Lasteta paar,Tegelik,0.26,9.19,2019,640
1394,Lasteta paar,Ennustatud,0.26,9.01,2019,640
1395,Ühe lapsega paar,Tegelik,0,7.34,2019,640
1396,Ühe lapsega paar,Ennustatud,0,7.42,2019,640
1397,Kahe lapsega paar,Tegelik,0,9.52,2019,640
1398,Kahe lapsega paar,Ennustatud,0,9.36,2019,640
1399,Kolme ja enama lapsega paar,Tegelik,0,7.99,2019,640
1400,Kolme ja enama lapsega paar,Ennustatud,0,7.57,2019,640
1401,Üksik mees,Tegelik,6.03,32.75,2019,641
1402,Üksik mees,Ennustatud,6.03,32.75,2019,641
1403,Üksik naine,Tegelik,1.32,21.29,2019,641
1404,Üksik naine,Ennustatud,1.32,21.29,2019,641
1405,Üksikvanem,Tegelik,0,30.12,2019,641
1406,Üksikvanem,Ennustatud,0,27.79,2019,641
1407,Lasteta paar,Tegelik,0.26,9.19,2019,641
1408,Lasteta paar,Ennustatud,0.26,9.01,2019,641
1409,Ühe lapsega paar,Tegelik,0,7.34,2019,641
1410,Ühe lapsega paar,Ennustatud,0,7.42,2019,641
1411,Kahe lapsega paar,Tegelik,0,9.52,2019,641
1412,Kahe lapsega paar,Ennustatud,0,9.36,2019,641
1413,Kolme ja enama lapsega paar,Tegelik,0,7.99,2019,641
1414,Kolme ja enama lapsega paar,Ennustatud,0,7.57,2019,641
1415,Üksik mees,Tegelik,6.03,32.75,2019,642
1416,Üksik mees,Ennustatud,6.03,32.75,2019,642
1417,Üksik naine,Tegelik,1.32,21.29,2019,642
1418,Üksik naine,Ennustatud,1.32,21.29,2019,642
1419,Üksikvanem,Tegelik,0,30.12,2019,642
1420,Üksikvanem,Ennustatud,0,27.79,2019,642
1421,Lasteta paar,Tegelik,0.26,9.19,2019,642
1422,Lasteta paar,Ennustatud,0.26,9.01,2019,642
1423,Ühe lapsega paar,Tegelik,0,7.34,2019,642
1424,Ühe lapsega paar,Ennustatud,0,7.42,2019,642
1425,Kahe lapsega paar,Tegelik,0,9.52,2019,642
1426,Kahe lapsega paar,Ennustatud,0,9.36,2019,642
1427,Kolme ja enama lapsega paar,Tegelik,0,7.99,2019,642
1428,Kolme ja enama lapsega paar,Ennustatud,0,7.57,2019,642
1429,Üksik mees,Tegelik,6.03,32.75,2019,643
1430,Üksik mees,Ennustatud,6.03,32.75,2019,643
1431,Üksik naine,Tegelik,1.32,21.29,2019,643
1432,Üksik naine,Ennustatud,1.32,21.29,2019,643
1433,Üksikvanem,Tegelik,0,30.12,2019,643
1434,Üksikvanem,Ennustatud,0,27.79,2019,643
1435,Lasteta paar,Tegelik,0.26,9.19,2019,643
1436,Lasteta paar,Ennustatud,0.26,9.01,2019,643
1437,Ühe lapsega paar,Tegelik,0,7.34,2019,643
1438,Ühe lapsega paar,Ennustatud,0,7.42,2019,643
1439,Kahe lapsega paar,Tegelik,0,9.52,2019,643
1440,Kahe lapsega paar,Ennustatud,0,9.36,2019,643
1441,Kolme ja enama lapsega paar,Tegelik,0,7.99,2019,643
1442,Kolme ja enama lapsega paar,Ennustatud,0,7.57,2019,643
1443,Üksik mees,Tegelik,6.03,32.75,2019,644
1444,Üksik mees,Ennustatud,6.03,32.75,2019,644
1445,Üksik naine,Tegelik,1.32,21.29,2019,644
1446,Üksik naine,Ennustatud,1.32,21.29,2019,644
1447,Üksikvanem,Tegelik,0,30.12,2019,644
1448,Üksikvanem,Ennustatud,0,27.79,2019,644
1449,Lasteta paar,Tegelik,0.26,9.19,2019,644
1450,Lasteta paar,Ennustatud,0.26,9.01,2019,644
1451,Ühe lapsega paar,Tegelik,0,7.34,2019,644
1452,Ühe lapsega paar,Ennustatud,0,7.42,2019,644
1453,Kahe lapsega paar,Tegelik,0,9.52,2019,644
1454,Kahe lapsega paar,Ennustatud,0,9.36,2019,644
1455,Kolme ja enama lapsega paar,Tegelik,0,7.99,2019,644
1456,Kolme ja enama lapsega paar,Ennustatud,0,7.57,2019,644
1457,Üksik mees,Tegelik,6.03,32.75,2019,645
1458,Üksik mees,Ennustatud,6.03,32.75,2019,645
1459,Üksik naine,Tegelik,1.32,21.29,2019,645
1460,Üksik naine,Ennustatud,1.32,21.29,2019,645
1461,Üksikvanem,Tegelik,0,30.12,2019,645
1462,Üksikvanem,Ennustatud,0,27.79,2019,645
1463,Lasteta paar,Tegelik,0.26,9.19,2019,645
1464,Lasteta paar,Ennustatud,0.26,9.01,2019,645
1465,Ühe lapsega paar,Tegelik,0,7.34,2019,645
1466,Ühe lapsega paar,Ennustatud,0,7.42,2019,645
1467,Kahe lapsega paar,Tegelik,0,9.52,2019,645
1468,Kahe lapsega paar,Ennustatud,0,9.36,2019,645
1469,Kolme ja enama lapsega paar,Tegelik,0,7.99,2019,645
1470,Kolme ja enama lapsega paar,Ennustatud,0,7.57,2019,645
1471,Üksik mees,Tegelik,6.03,32.75,2019,646
1472,Üksik mees,Ennustatud,6.03,32.75,2019,646
1473,Üksik naine,Tegelik,1.32,21.29,2019,646
1474,Üksik naine,Ennustatud,1.32,21.29,2019,646
1475,Üksikvanem,Tegelik,0,30.12,2019,646
1476,Üksikvanem,Ennustatud,0,27.79,2019,646
1477,Lasteta paar,Tegelik,0.26,9.19,2019,646
1478,Lasteta paar,Ennustatud,0.26,9.01,2019,646
1479,Ühe lapsega paar,Tegelik,0,7.34,2019,646
1480,Ühe lapsega paar,Ennustatud,0,7.42,2019,646
1481,Kahe lapsega paar,Tegelik,0,9.52,2019,646
1482,Kahe lapsega paar,Ennustatud,0,9.36,2019,646
1483,Kolme ja enama lapsega paar,Tegelik,0,7.99,2019,646
1484,Kolme ja enama lapsega paar,Ennustatud,0,7.57,2019,646
1485,Üksik mees,Tegelik,6.03,32.75,2019,647
1486,Üksik mees,Ennustatud,6.03,32.75,2019,647
1487,Üksik naine,Tegelik,1.32,21.29,2019,647
1488,Üksik naine,Ennustatud,1.32,21.29,2019,647
1489,Üksikvanem,Tegelik,0,30.12,2019,647
1490,Üksikvanem,Ennustatud,0,27.27,2019,647
1491,Lasteta paar,Tegelik,0.26,9.19,2019,647
1492,Lasteta paar,Ennustatud,0.26,9.01,2019,647
1493,Ühe lapsega paar,Tegelik,0,7.34,2019,647
1494,Ühe lapsega paar,Ennustatud,0,7.42,2019,647
1495,Kahe lapsega paar,Tegelik,0,9.52,2019,647
1496,Kahe lapsega paar,Ennustatud,0,9.36,2019,647
1497,Kolme ja enama lapsega paar,Tegelik,0,7.99,2019,647
1498,Kolme ja enama lapsega paar,Ennustatud,0,7.57,2019,647
1499,Üksik mees,Tegelik,6.03,32.75,2019,648
1500,Üksik mees,Ennustatud,6.03,32.75,2019,648
1501,Üksik naine,Tegelik,1.32,21.29,2019,648
1502,Üksik naine,Ennustatud,1.32,21.29,2019,648
1503,Üksikvanem,Tegelik,0,30.12,2019,648
1504,Üksikvanem,Ennustatud,0,27.27,2019,648
1505,Lasteta paar,Tegelik,0.26,9.19,2019,648
1506,Lasteta paar,Ennustatud,0.26,9.01,2019,648
1507,Ühe lapsega paar,Tegelik,0,7.34,2019,648
1508,Ühe lapsega paar,Ennustatud,0,7.42,2019,648
1509,Kahe lapsega paar,Tegelik,0,9.52,2019,648
1510,Kahe lapsega paar,Ennustatud,0,9.36,2019,648
1511,Kolme ja enama lapsega paar,Tegelik,0,7.99,2019,648
1512,Kolme ja enama lapsega paar,Ennustatud,0,7.57,2019,648
1513,Üksik mees,Tegelik,6.03,32.75,2019,649
1514,Üksik mees,Ennustatud,6.03,32.75,2019,649
1515,Üksik naine,Tegelik,1.32,21.29,2019,649
1516,Üksik naine,Ennustatud,1.32,21.29,2019,649
1517,Üksikvanem,Tegelik,0,30.12,2019,649
1518,Üksikvanem,Ennustatud,0,27.27,2019,649
1519,Lasteta paar,Tegelik,0.26,9.19,2019,649
1520,Lasteta paar,Ennustatud,0.26,9.01,2019,649
1521,Ühe lapsega paar,Tegelik,0,7.34,2019,649
1522,Ühe lapsega paar,Ennustatud,0,7.42,2019,649
1523,Kahe lapsega paar,Tegelik,0,9.52,2019,649
1524,Kahe lapsega paar,Ennustatud,0,9.36,2019,649
1525,Kolme ja enama lapsega paar,Tegelik,0,7.99,2019,649
1526,Kolme ja enama lapsega paar,Ennustatud,0,7.57,2019,649
1527,Üksik mees,Tegelik,6.03,32.75,2019,650
1528,Üksik mees,Ennustatud,6.03,32.75,2019,650
1529,Üksik naine,Tegelik,1.32,21.29,2019,650
1530,Üksik naine,Ennustatud,1.32,21.29,2019,650
1531,Üksikvanem,Tegelik,0,30.12,2019,650
1532,Üksikvanem,Ennustatud,0,27.27,2019,650
1533,Lasteta paar,Tegelik,0.26,9.19,2019,650
1534,Lasteta paar,Ennustatud,0.26,9.01,2019,650
1535,Ühe lapsega paar,Tegelik,0,7.34,2019,650
1536,Ühe lapsega paar,Ennustatud,0,7.42,2019,650
1537,Kahe lapsega paar,Tegelik,0,9.52,2019,650
1538,Kahe lapsega paar,Ennustatud,0,9.36,2019,650
1539,Kolme ja enama lapsega paar,Tegelik,0,7.99,2019,650
1540,Kolme ja enama lapsega paar,Ennustatud,0,7.57,2019,650
1541,Üksik mees,Tegelik,6.03,32.75,2019,651
1542,Üksik mees,Ennustatud,6.03,32.75,2019,651
1543,Üksik naine,Tegelik,1.32,21.29,2019,651
1544,Üksik naine,Ennustatud,1.32,21.29,2019,651
1545,Üksikvanem,Tegelik,0,30.12,2019,651
1546,Üksikvanem,Ennustatud,0,27.27,2019,651
1547,Lasteta paar,Tegelik,0.26,9.19,2019,651
1548,Lasteta paar,Ennustatud,0.26,9.01,2019,651
1549,Ühe lapsega paar,Tegelik,0,7.34,2019,651
1550,Ühe lapsega paar,Ennustatud,0,7.42,2019,651
1551,Kahe lapsega paar,Tegelik,0,9.52,2019,651
1552,Kahe lapsega paar,Ennustatud,0,9.36,2019,651
1553,Kolme ja enama lapsega paar,Tegelik,0,7.99,2019,651
1554,Kolme ja enama lapsega paar,Ennustatud,0,7.57,2019,651
1555,Üksik mees,Tegelik,6.03,32.75,2019,652
1556,Üksik mees,Ennustatud,6.03,32.75,2019,652
1557,Üksik naine,Tegelik,1.32,21.29,2019,652
1558,Üksik naine,Ennustatud,1.32,21.29,2019,652
1559,Üksikvanem,Tegelik,0,30.12,2019,652
1560,Üksikvanem,Ennustatud,0,27.27,2019,652
1561,Lasteta paar,Tegelik,0.26,9.19,2019,652
1562,Lasteta paar,Ennustatud,0.26,9.01,2019,652
1563,Ühe lapsega paar,Tegelik,0,7.34,2019,652
1564,Ühe lapsega paar,Ennustatud,0,7.42,2019,652
1565,Kahe lapsega paar,Tegelik,0,9.52,2019,652
1566,Kahe lapsega paar,Ennustatud,0,9.36,2019,652
1567,Kolme ja enama lapsega paar,Tegelik,0,7.99,2019,652
1568,Kolme ja enama lapsega paar,Ennustatud,0,7.57,2019,652
1569,Üksik mees,Tegelik,6.03,32.75,2019,653
1570,Üksik mees,Ennustatud,6.03,32.75,2019,653
1571,Üksik naine,Tegelik,1.32,21.29,2019,653
1572,Üksik naine,Ennustatud,1.32,21.29,2019,653
1573,Üksikvanem,Tegelik,0,30.12,2019,653
1574,Üksikvanem,Ennustatud,0,27.27,2019,653
1575,Lasteta paar,Tegelik,0.26,9.19,2019,653
1576,Lasteta paar,Ennustatud,0.26,9.01,2019,653
1577,Ühe lapsega paar,Tegelik,0,7.34,2019,653
1578,Ühe lapsega paar,Ennustatud,0,7.42,2019,653
1579,Kahe lapsega paar,Tegelik,0,9.52,2019,653
1580,Kahe lapsega paar,Ennustatud,0,9.36,2019,653
1581,Kolme ja enama lapsega paar,Tegelik,0,7.99,2019,653
1582,Kolme ja enama lapsega paar,Ennustatud,0,7.57,2019,653
1583,Üksik mees,Tegelik,6.03,32.75,2019,654
1584,Üksik mees,Ennustatud,5.95,32.75,2019,654
1585,Üksik naine,Tegelik,1.32,21.29,2019,654
1586,Üksik naine,Ennustatud,1.32,21.29,2019,654
1587,Üksikvanem,Tegelik,0,30.12,2019,654
1588,Üksikvanem,Ennustatud,0,27.27,2019,654
1589,Lasteta paar,Tegelik,0.26,9.19,2019,654
1590,Lasteta paar,Ennustatud,0.26,9.01,2019,654
1591,Ühe lapsega paar,Tegelik,0,7.34,2019,654
1592,Ühe lapsega paar,Ennustatud,0,7.42,2019,654
1593,Kahe lapsega paar,Tegelik,0,9.52,2019,654
1594,Kahe lapsega paar,Ennustatud,0,9.36,2019,654
1595,Kolme ja enama lapsega paar,Tegelik,0,7.99,2019,654
1596,Kolme ja enama lapsega paar,Ennustatud,0,7.57,2019,654
1597,Üksik mees,Tegelik,6.03,32.75,2019,655
1598,Üksik mees,Ennustatud,5.95,32.75,2019,655
1599,Üksik naine,Tegelik,1.32,21.29,2019,655
1600,Üksik naine,Ennustatud,1.32,21.29,2019,655
1601,Üksikvanem,Tegelik,0,30.12,2019,655
1602,Üksikvanem,Ennustatud,0,27.35,2019,655
1603,Lasteta paar,Tegelik,0.26,9.19,2019,655
1604,Lasteta paar,Ennustatud,0.26,9.01,2019,655
1605,Ühe lapsega paar,Tegelik,0,7.34,2019,655
1606,Ühe lapsega paar,Ennustatud,0,7.56,2019,655
1607,Kahe lapsega paar,Tegelik,0,9.52,2019,655
1608,Kahe lapsega paar,Ennustatud,0,9.36,2019,655
1609,Kolme ja enama lapsega paar,Tegelik,0,7.99,2019,655
1610,Kolme ja enama lapsega paar,Ennustatud,0,7.57,2019,655
1611,Üksik mees,Tegelik,6.03,32.75,2019,656
1612,Üksik mees,Ennustatud,5.95,32.75,2019,656
1613,Üksik naine,Tegelik,1.32,21.29,2019,656
1614,Üksik naine,Ennustatud,1.32,21.29,2019,656
1615,Üksikvanem,Tegelik,0,30.12,2019,656
1616,Üksikvanem,Ennustatud,0,27.48,2019,656
1617,Lasteta paar,Tegelik,0.26,9.19,2019,656
1618,Lasteta paar,Ennustatud,0.26,9.01,2019,656
1619,Ühe lapsega paar,Tegelik,0,7.34,2019,656
1620,Ühe lapsega paar,Ennustatud,0,7.56,2019,656
1621,Kahe lapsega paar,Tegelik,0,9.52,2019,656
1622,Kahe lapsega paar,Ennustatud,0,9.36,2019,656
1623,Kolme ja enama lapsega paar,Tegelik,0,7.99,2019,656
1624,Kolme ja enama lapsega paar,Ennustatud,0,7.57,2019,656
1625,Üksik mees,Tegelik,6.03,32.75,2019,657
1626,Üksik mees,Ennustatud,5.95,32.75,2019,657
1627,Üksik naine,Tegelik,1.32,21.29,2019,657
1628,Üksik naine,Ennustatud,1.32,21.29,2019,657
1629,Üksikvanem,Tegelik,0,30.12,2019,657
1630,Üksikvanem,Ennustatud,0,27.48,2019,657
1631,Lasteta paar,Tegelik,0.26,9.19,2019,657
1632,Lasteta paar,Ennustatud,0.26,9.01,2019,657
1633,Ühe lapsega paar,Tegelik,0,7.34,2019,657
1634,Ühe lapsega paar,Ennustatud,0,7.56,2019,657
1635,Kahe lapsega paar,Tegelik,0,9.52,2019,657
1636,Kahe lapsega paar,Ennustatud,0,9.36,2019,657
1637,Kolme ja enama lapsega paar,Tegelik,0,7.99,2019,657
1638,Kolme ja enama lapsega paar,Ennustatud,0,7.57,2019,657
1639,Üksik mees,Tegelik,6.03,32.75,2019,658
1640,Üksik mees,Ennustatud,5.95,32.75,2019,658
1641,Üksik naine,Tegelik,1.32,21.29,2019,658
1642,Üksik naine,Ennustatud,1.32,21.29,2019,658
1643,Üksikvanem,Tegelik,0,30.12,2019,658
1644,Üksikvanem,Ennustatud,0,27.48,2019,658
1645,Lasteta paar,Tegelik,0.26,9.19,2019,658
1646,Lasteta paar,Ennustatud,0.26,9.01,2019,658
1647,Ühe lapsega paar,Tegelik,0,7.34,2019,658
1648,Ühe lapsega paar,Ennustatud,0,7.56,2019,658
1649,Kahe lapsega paar,Tegelik,0,9.52,2019,658
1650,Kahe lapsega paar,Ennustatud,0,9.36,2019,658
1651,Kolme ja enama lapsega paar,Tegelik,0,7.99,2019,658
1652,Kolme ja enama lapsega paar,Ennustatud,0,7.57,2019,658
1653,Üksik mees,Tegelik,6.03,32.75,2019,659
1654,Üksik mees,Ennustatud,5.95,32.36,2019,659
1655,Üksik naine,Tegelik,1.32,21.29,2019,659
1656,Üksik naine,Ennustatud,1.32,21.29,2019,659
1657,Üksikvanem,Tegelik,0,30.12,2019,659
1658,Üksikvanem,Ennustatud,0,27.76,2019,659
1659,Lasteta paar,Tegelik,0.26,9.19,2019,659
1660,Lasteta paar,Ennustatud,0.26,9.01,2019,659
1661,Ühe lapsega paar,Tegelik,0,7.34,2019,659
1662,Ühe lapsega paar,Ennustatud,0,7.56,2019,659
1663,Kahe lapsega paar,Tegelik,0,9.52,2019,659
1664,Kahe lapsega paar,Ennustatud,0,9.36,2019,659
1665,Kolme ja enama lapsega paar,Tegelik,0,7.99,2019,659
1666,Kolme ja enama lapsega paar,Ennustatud,0,7.57,2019,659
1667,Üksik mees,Tegelik,6.03,32.75,2019,660
1668,Üksik mees,Ennustatud,5.95,32.36,2019,660
1669,Üksik naine,Tegelik,1.32,21.29,2019,660
1670,Üksik naine,Ennustatud,1.32,21.29,2019,660
1671,Üksikvanem,Tegelik,0,30.12,2019,660
1672,Üksikvanem,Ennustatud,0,27.76,2019,660
1673,Lasteta paar,Tegelik,0.26,9.19,2019,660
1674,Lasteta paar,Ennustatud,0.26,9.01,2019,660
1675,Ühe lapsega paar,Tegelik,0,7.34,2019,660
1676,Ühe lapsega paar,Ennustatud,0,7.56,2019,660
1677,Kahe lapsega paar,Tegelik,0,9.52,2019,660
1678,Kahe lapsega paar,Ennustatud,0,9.36,2019,660
1679,Kolme ja enama lapsega paar,Tegelik,0,7.99,2019,660
1680,Kolme ja enama lapsega paar,Ennustatud,0,7.57,2019,660
1681,Üksik mees,Tegelik,6.03,32.75,2019,661
1682,Üksik mees,Ennustatud,5.95,32.36,2019,661
1683,Üksik naine,Tegelik,1.32,21.29,2019,661
1684,Üksik naine,Ennustatud,1.32,21.29,2019,661
1685,Üksikvanem,Tegelik,0,30.12,2019,661
1686,Üksikvanem,Ennustatud,0,27.76,2019,661
1687,Lasteta paar,Tegelik,0.26,9.19,2019,661
1688,Lasteta paar,Ennustatud,0.26,9.01,2019,661
1689,Ühe lapsega paar,Tegelik,0,7.34,2019,661
1690,Ühe lapsega paar,Ennustatud,0,7.56,2019,661
1691,Kahe lapsega paar,Tegelik,0,9.52,2019,661
1692,Kahe lapsega paar,Ennustatud,0,9.36,2019,661
1693,Kolme ja enama lapsega paar,Tegelik,0,7.99,2019,661
1694,Kolme ja enama lapsega paar,Ennustatud,0,7.57,2019,661
1695,Üksik mees,Tegelik,6.03,32.75,2019,662
1696,Üksik mees,Ennustatud,5.95,32.36,2019,662
1697,Üksik naine,Tegelik,1.32,21.29,2019,662
1698,Üksik naine,Ennustatud,1.32,21.29,2019,662
1699,Üksikvanem,Tegelik,0,30.12,2019,662
1700,Üksikvanem,Ennustatud,0,28.11,2019,662
1701,Lasteta paar,Tegelik,0.26,9.19,2019,662
1702,Lasteta paar,Ennustatud,0.26,9.01,2019,662
1703,Ühe lapsega paar,Tegelik,0,7.34,2019,662
1704,Ühe lapsega paar,Ennustatud,0,7.56,2019,662
1705,Kahe lapsega paar,Tegelik,0,9.52,2019,662
1706,Kahe lapsega paar,Ennustatud,0,9.36,2019,662
1707,Kolme ja enama lapsega paar,Tegelik,0,7.99,2019,662
1708,Kolme ja enama lapsega paar,Ennustatud,0,7.57,2019,662
1709,Üksik mees,Tegelik,6.03,32.75,2019,663
1710,Üksik mees,Ennustatud,5.95,32.36,2019,663
1711,Üksik naine,Tegelik,1.32,21.29,2019,663
1712,Üksik naine,Ennustatud,1.32,21.29,2019,663
1713,Üksikvanem,Tegelik,0,30.12,2019,663
1714,Üksikvanem,Ennustatud,0,28.11,2019,663
1715,Lasteta paar,Tegelik,0.26,9.19,2019,663
1716,Lasteta paar,Ennustatud,0.26,9.01,2019,663
1717,Ühe lapsega paar,Tegelik,0,7.34,2019,663
1718,Ühe lapsega paar,Ennustatud,0,7.56,2019,663
1719,Kahe lapsega paar,Tegelik,0,9.52,2019,663
1720,Kahe lapsega paar,Ennustatud,0,9.36,2019,663
1721,Kolme ja enama lapsega paar,Tegelik,0,7.99,2019,663
1722,Kolme ja enama lapsega paar,Ennustatud,0,7.57,2019,663
1723,Üksik mees,Tegelik,6.03,32.75,2019,664
1724,Üksik mees,Ennustatud,5.95,32.36,2019,664
1725,Üksik naine,Tegelik,1.32,21.29,2019,664
1726,Üksik naine,Ennustatud,1.32,21.29,2019,664
1727,Üksikvanem,Tegelik,0,30.12,2019,664
1728,Üksikvanem,Ennustatud,0,28.11,2019,664
1729,Lasteta paar,Tegelik,0.26,9.19,2019,664
1730,Lasteta paar,Ennustatud,0.26,9.01,2019,664
1731,Ühe lapsega paar,Tegelik,0,7.34,2019,664
1732,Ühe lapsega paar,Ennustatud,0,7.56,2019,664
1733,Kahe lapsega paar,Tegelik,0,9.52,2019,664
1734,Kahe lapsega paar,Ennustatud,0,9.36,2019,664
1735,Kolme ja enama lapsega paar,Tegelik,0,7.99,2019,664
1736,Kolme ja enama lapsega paar,Ennustatud,0,7.57,2019,664
1737,Üksik mees,Tegelik,6.03,32.75,2019,665
1738,Üksik mees,Ennustatud,5.95,32.36,2019,665
1739,Üksik naine,Tegelik,1.32,21.29,2019,665
1740,Üksik naine,Ennustatud,1.32,21.29,2019,665
1741,Üksikvanem,Tegelik,0,30.12,2019,665
1742,Üksikvanem,Ennustatud,0,28.11,2019,665
1743,Lasteta paar,Tegelik,0.26,9.19,2019,665
1744,Lasteta paar,Ennustatud,0.26,9.01,2019,665
1745,Ühe lapsega paar,Tegelik,0,7.34,2019,665
1746,Ühe lapsega paar,Ennustatud,0,7.56,2019,665
1747,Kahe lapsega paar,Tegelik,0,9.52,2019,665
1748,Kahe lapsega paar,Ennustatud,0,9.36,2019,665
1749,Kolme ja enama lapsega paar,Tegelik,0,7.99,2019,665
1750,Kolme ja enama lapsega paar,Ennustatud,0,7.57,2019,665
1751,Üksik mees,Tegelik,6.03,32.75,2019,666
1752,Üksik mees,Ennustatud,5.95,32.36,2019,666
1753,Üksik naine,Tegelik,1.32,21.29,2019,666
1754,Üksik naine,Ennustatud,1.32,21.29,2019,666
1755,Üksikvanem,Tegelik,0,30.12,2019,666
1756,Üksikvanem,Ennustatud,0,28.11,2019,666
1757,Lasteta paar,Tegelik,0.26,9.19,2019,666
1758,Lasteta paar,Ennustatud,0.26,9.01,2019,666
1759,Ühe lapsega paar,Tegelik,0,7.34,2019,666
1760,Ühe lapsega paar,Ennustatud,0,7.56,2019,666
1761,Kahe lapsega paar,Tegelik,0,9.52,2019,666
1762,Kahe lapsega paar,Ennustatud,0,9.36,2019,666
1763,Kolme ja enama lapsega paar,Tegelik,0,7.99,2019,666
1764,Kolme ja enama lapsega paar,Ennustatud,0,7.57,2019,666
1765,Üksik mees,Tegelik,6.03,32.75,2019,667
1766,Üksik mees,Ennustatud,5.95,32.36,2019,667
1767,Üksik naine,Tegelik,1.32,21.29,2019,667
1768,Üksik naine,Ennustatud,1.32,21.29,2019,667
1769,Üksikvanem,Tegelik,0,30.12,2019,667
1770,Üksikvanem,Ennustatud,0,28.11,2019,667
1771,Lasteta paar,Tegelik,0.26,9.19,2019,667
1772,Lasteta paar,Ennustatud,0.26,9.1,2019,667
1773,Ühe lapsega paar,Tegelik,0,7.34,2019,667
1774,Ühe lapsega paar,Ennustatud,0,7.56,2019,667
1775,Kahe lapsega paar,Tegelik,0,9.52,2019,667
1776,Kahe lapsega paar,Ennustatud,0,9.36,2019,667
1777,Kolme ja enama lapsega paar,Tegelik,0,7.99,2019,667
1778,Kolme ja enama lapsega paar,Ennustatud,0,7.57,2019,667
1779,Üksik mees,Tegelik,6.03,32.75,2019,668
1780,Üksik mees,Ennustatud,5.95,32.36,2019,668
1781,Üksik naine,Tegelik,1.32,21.29,2019,668
1782,Üksik naine,Ennustatud,1.32,21.29,2019,668
1783,Üksikvanem,Tegelik,0,30.12,2019,668
1784,Üksikvanem,Ennustatud,0,27.58,2019,668
1785,Lasteta paar,Tegelik,0.26,9.19,2019,668
1786,Lasteta paar,Ennustatud,0.26,9.1,2019,668
1787,Ühe lapsega paar,Tegelik,0,7.34,2019,668
1788,Ühe lapsega paar,Ennustatud,0,7.56,2019,668
1789,Kahe lapsega paar,Tegelik,0,9.52,2019,668
1790,Kahe lapsega paar,Ennustatud,0,9.36,2019,668
1791,Kolme ja enama lapsega paar,Tegelik,0,7.99,2019,668
1792,Kolme ja enama lapsega paar,Ennustatud,0,7.57,2019,668
1793,Üksik mees,Tegelik,6.03,32.75,2019,669
1794,Üksik mees,Ennustatud,5.95,32.36,2019,669
1795,Üksik naine,Tegelik,1.32,21.29,2019,669
1796,Üksik naine,Ennustatud,1.32,21.29,2019,669
1797,Üksikvanem,Tegelik,0,30.12,2019,669
1798,Üksikvanem,Ennustatud,0,27.58,2019,669
1799,Lasteta paar,Tegelik,0.26,9.19,2019,669
1800,Lasteta paar,Ennustatud,0.26,9.1,2019,669
1801,Ühe lapsega paar,Tegelik,0,7.34,2019,669
1802,Ühe lapsega paar,Ennustatud,0,7.56,2019,669
1803,Kahe lapsega paar,Tegelik,0,9.52,2019,669
1804,Kahe lapsega paar,Ennustatud,0,9.36,2019,669
1805,Kolme ja enama lapsega paar,Tegelik,0,7.99,2019,669
1806,Kolme ja enama lapsega paar,Ennustatud,0,7.57,2019,669
1807,Üksik mees,Tegelik,6.03,32.75,2019,670
1808,Üksik mees,Ennustatud,5.95,32.36,2019,670
1809,Üksik naine,Tegelik,1.32,21.29,2019,670
1810,Üksik naine,Ennustatud,1.32,21.29,2019,670
1811,Üksikvanem,Tegelik,0,30.12,2019,670
1812,Üksikvanem,Ennustatud,0,27.58,2019,670
1813,Lasteta paar,Tegelik,0.26,9.19,2019,670
1814,Lasteta paar,Ennustatud,0.26,9.1,2019,670
1815,Ühe lapsega paar,Tegelik,0,7.34,2019,670
1816,Ühe lapsega paar,Ennustatud,0,7.56,2019,670
1817,Kahe lapsega paar,Tegelik,0,9.52,2019,670
1818,Kahe lapsega paar,Ennustatud,0,9.36,2019,670
1819,Kolme ja enama lapsega paar,Tegelik,0,7.99,2019,670
1820,Kolme ja enama lapsega paar,Ennustatud,0,7.57,2019,670
1821,Üksik mees,Tegelik,6.03,32.75,2019,671
1822,Üksik mees,Ennustatud,5.95,32.36,2019,671
1823,Üksik naine,Tegelik,1.32,21.29,2019,671
1824,Üksik naine,Ennustatud,1.32,21.29,2019,671
1825,Üksikvanem,Tegelik,0,30.12,2019,671
1826,Üksikvanem,Ennustatud,0,27.58,2019,671
1827,Lasteta paar,Tegelik,0.26,9.19,2019,671
1828,Lasteta paar,Ennustatud,0.26,9.1,2019,671
1829,Ühe lapsega paar,Tegelik,0,7.34,2019,671
1830,Ühe lapsega paar,Ennustatud,0,7.56,2019,671
1831,Kahe lapsega paar,Tegelik,0,9.52,2019,671
1832,Kahe lapsega paar,Ennustatud,0,9.36,2019,671
1833,Kolme ja enama lapsega paar,Tegelik,0,7.99,2019,671
1834,Kolme ja enama lapsega paar,Ennustatud,0,7.57,2019,671
1835,Üksik mees,Tegelik,6.03,32.75,2019,672
1836,Üksik mees,Ennustatud,5.95,32.36,2019,672
1837,Üksik naine,Tegelik,1.32,21.29,2019,672
1838,Üksik naine,Ennustatud,1.32,21.29,2019,672
1839,Üksikvanem,Tegelik,0,30.12,2019,672
1840,Üksikvanem,Ennustatud,0,27.25,2019,672
1841,Lasteta paar,Tegelik,0.26,9.19,2019,672
1842,Lasteta paar,Ennustatud,0.26,9.1,2019,672
1843,Ühe lapsega paar,Tegelik,0,7.34,2019,672
1844,Ühe lapsega paar,Ennustatud,0,7.56,2019,672
1845,Kahe lapsega paar,Tegelik,0,9.52,2019,672
1846,Kahe lapsega paar,Ennustatud,0,9.36,2019,672
1847,Kolme ja enama lapsega paar,Tegelik,0,7.99,2019,672
1848,Kolme ja enama lapsega paar,Ennustatud,0,7.57,2019,672
1849,Üksik mees,Tegelik,6.03,32.75,2019,673
1850,Üksik mees,Ennustatud,5.95,32.36,2019,673
1851,Üksik naine,Tegelik,1.32,21.29,2019,673
1852,Üksik naine,Ennustatud,1.32,21.29,2019,673
1853,Üksikvanem,Tegelik,0,30.12,2019,673
1854,Üksikvanem,Ennustatud,0,27.25,2019,673
1855,Lasteta paar,Tegelik,0.26,9.19,2019,673
1856,Lasteta paar,Ennustatud,0.26,9.1,2019,673
1857,Ühe lapsega paar,Tegelik,0,7.34,2019,673
1858,Ühe lapsega paar,Ennustatud,0,7.56,2019,673
1859,Kahe lapsega paar,Tegelik,0,9.52,2019,673
1860,Kahe lapsega paar,Ennustatud,0,9.36,2019,673
1861,Kolme ja enama lapsega paar,Tegelik,0,7.99,2019,673
1862,Kolme ja enama lapsega paar,Ennustatud,0,7.57,2019,673
1863,Üksik mees,Tegelik,6.03,32.75,2019,674
1864,Üksik mees,Ennustatud,5.95,32.36,2019,674
1865,Üksik naine,Tegelik,1.32,21.29,2019,674
1866,Üksik naine,Ennustatud,1.32,21.29,2019,674
1867,Üksikvanem,Tegelik,0,30.12,2019,674
1868,Üksikvanem,Ennustatud,0,27.25,2019,674
1869,Lasteta paar,Tegelik,0.26,9.19,2019,674
1870,Lasteta paar,Ennustatud,0.26,9.1,2019,674
1871,Ühe lapsega paar,Tegelik,0,7.34,2019,674
1872,Ühe lapsega paar,Ennustatud,0,7.56,2019,674
1873,Kahe lapsega paar,Tegelik,0,9.52,2019,674
1874,Kahe lapsega paar,Ennustatud,0,9.36,2019,674
1875,Kolme ja enama lapsega paar,Tegelik,0,7.99,2019,674
1876,Kolme ja enama lapsega paar,Ennustatud,0,7.57,2019,674
1877,Üksik mees,Tegelik,6.03,32.75,2019,675
1878,Üksik mees,Ennustatud,5.95,32.36,2019,675
1879,Üksik naine,Tegelik,1.32,21.29,2019,675
1880,Üksik naine,Ennustatud,1.32,21.29,2019,675
1881,Üksikvanem,Tegelik,0,30.12,2019,675
1882,Üksikvanem,Ennustatud,0,27.25,2019,675
1883,Lasteta paar,Tegelik,0.26,9.19,2019,675
1884,Lasteta paar,Ennustatud,0.26,9.1,2019,675
1885,Ühe lapsega paar,Tegelik,0,7.34,2019,675
1886,Ühe lapsega paar,Ennustatud,0,7.56,2019,675
1887,Kahe lapsega paar,Tegelik,0,9.52,2019,675
1888,Kahe lapsega paar,Ennustatud,0,9.36,2019,675
1889,Kolme ja enama lapsega paar,Tegelik,0,7.99,2019,675
1890,Kolme ja enama lapsega paar,Ennustatud,0,7.57,2019,675
1891,Üksik mees,Tegelik,6.03,32.75,2019,676
1892,Üksik mees,Ennustatud,5.95,32.36,2019,676
1893,Üksik naine,Tegelik,1.32,21.29,2019,676
1894,Üksik naine,Ennustatud,1.32,21.29,2019,676
1895,Üksikvanem,Tegelik,0,30.12,2019,676
1896,Üksikvanem,Ennustatud,0,27.25,2019,676
1897,Lasteta paar,Tegelik,0.26,9.19,2019,676
1898,Lasteta paar,Ennustatud,0.26,9.1,2019,676
1899,Ühe lapsega paar,Tegelik,0,7.34,2019,676
1900,Ühe lapsega paar,Ennustatud,0,7.56,2019,676
1901,Kahe lapsega paar,Tegelik,0,9.52,2019,676
1902,Kahe lapsega paar,Ennustatud,0,9.36,2019,676
1903,Kolme ja enama lapsega paar,Tegelik,0,7.99,2019,676
1904,Kolme ja enama lapsega paar,Ennustatud,0,7.57,2019,676
1905,Üksik mees,Tegelik,6.03,32.75,2019,677
1906,Üksik mees,Ennustatud,5.5,32.36,2019,677
1907,Üksik naine,Tegelik,1.32,21.29,2019,677
1908,Üksik naine,Ennustatud,1.32,21.29,2019,677
1909,Üksikvanem,Tegelik,0,30.12,2019,677
1910,Üksikvanem,Ennustatud,0,27.17,2019,677
1911,Lasteta paar,Tegelik,0.26,9.19,2019,677
1912,Lasteta paar,Ennustatud,0.26,9.1,2019,677
1913,Ühe lapsega paar,Tegelik,0,7.34,2019,677
1914,Ühe lapsega paar,Ennustatud,0,7.54,2019,677
1915,Kahe lapsega paar,Tegelik,0,9.52,2019,677
1916,Kahe lapsega paar,Ennustatud,0,9.36,2019,677
1917,Kolme ja enama lapsega paar,Tegelik,0,7.99,2019,677
1918,Kolme ja enama lapsega paar,Ennustatud,0,7.57,2019,677
1919,Üksik mees,Tegelik,6.03,32.75,2019,678
1920,Üksik mees,Ennustatud,5.5,32.36,2019,678
1921,Üksik naine,Tegelik,1.32,21.29,2019,678
1922,Üksik naine,Ennustatud,1.32,21.29,2019,678
1923,Üksikvanem,Tegelik,0,30.12,2019,678
1924,Üksikvanem,Ennustatud,0,27.17,2019,678
1925,Lasteta paar,Tegelik,0.26,9.19,2019,678
1926,Lasteta paar,Ennustatud,0.26,9.1,2019,678
1927,Ühe lapsega paar,Tegelik,0,7.34,2019,678
1928,Ühe lapsega paar,Ennustatud,0,7.54,2019,678
1929,Kahe lapsega paar,Tegelik,0,9.52,2019,678
1930,Kahe lapsega paar,Ennustatud,0,9.36,2019,678
1931,Kolme ja enama lapsega paar,Tegelik,0,7.99,2019,678
1932,Kolme ja enama lapsega paar,Ennustatud,0,7.57,2019,678
1933,Üksik mees,Tegelik,6.03,32.75,2019,679
1934,Üksik mees,Ennustatud,5.5,32.36,2019,679
1935,Üksik naine,Tegelik,1.32,21.29,2019,679
1936,Üksik naine,Ennustatud,1.32,21.29,2019,679
1937,Üksikvanem,Tegelik,0,30.12,2019,679
1938,Üksikvanem,Ennustatud,0,27.17,2019,679
1939,Lasteta paar,Tegelik,0.26,9.19,2019,679
1940,Lasteta paar,Ennustatud,0.26,9.1,2019,679
1941,Ühe lapsega paar,Tegelik,0,7.34,2019,679
1942,Ühe lapsega paar,Ennustatud,0,7.54,2019,679
1943,Kahe lapsega paar,Tegelik,0,9.52,2019,679
1944,Kahe lapsega paar,Ennustatud,0,9.36,2019,679
1945,Kolme ja enama lapsega paar,Tegelik,0,7.99,2019,679
1946,Kolme ja enama lapsega paar,Ennustatud,0,7.57,2019,679
1947,Üksik mees,Tegelik,6.03,32.75,2019,680
1948,Üksik mees,Ennustatud,5.5,32.36,2019,680
1949,Üksik naine,Tegelik,1.32,21.29,2019,680
1950,Üksik naine,Ennustatud,1.32,21.29,2019,680
1951,Üksikvanem,Tegelik,0,30.12,2019,680
1952,Üksikvanem,Ennustatud,0,27.17,2019,680
1953,Lasteta paar,Tegelik,0.26,9.19,2019,680
1954,Lasteta paar,Ennustatud,0.26,9.1,2019,680
1955,Ühe lapsega paar,Tegelik,0,7.34,2019,680
1956,Ühe lapsega paar,Ennustatud,0,7.54,2019,680
1957,Kahe lapsega paar,Tegelik,0,9.52,2019,680
1958,Kahe lapsega paar,Ennustatud,0,9.36,2019,680
1959,Kolme ja enama lapsega paar,Tegelik,0,7.99,2019,680
1960,Kolme ja enama lapsega paar,Ennustatud,0,7.57,2019,680
1961,Üksik mees,Tegelik,6.03,32.75,2019,681
1962,Üksik mees,Ennustatud,5.5,32.36,2019,681
1963,Üksik naine,Tegelik,1.32,21.29,2019,681
1964,Üksik naine,Ennustatud,1.32,21.29,2019,681
1965,Üksikvanem,Tegelik,0,30.12,2019,681
1966,Üksikvanem,Ennustatud,0,27.17,2019,681
1967,Lasteta paar,Tegelik,0.26,9.19,2019,681
1968,Lasteta paar,Ennustatud,0.26,9.1,2019,681
1969,Ühe lapsega paar,Tegelik,0,7.34,2019,681
1970,Ühe lapsega paar,Ennustatud,0,7.54,2019,681
1971,Kahe lapsega paar,Tegelik,0,9.52,2019,681
1972,Kahe lapsega paar,Ennustatud,0,9.29,2019,681
1973,Kolme ja enama lapsega paar,Tegelik,0,7.99,2019,681
1974,Kolme ja enama lapsega paar,Ennustatud,0,7.57,2019,681
1975,Üksik mees,Tegelik,6.03,32.75,2019,682
1976,Üksik mees,Ennustatud,5.5,32.36,2019,682
1977,Üksik naine,Tegelik,1.32,21.29,2019,682
1978,Üksik naine,Ennustatud,1.32,21.29,2019,682
1979,Üksikvanem,Tegelik,0,30.12,2019,682
1980,Üksikvanem,Ennustatud,0,27.17,2019,682
1981,Lasteta paar,Tegelik,0.26,9.19,2019,682
1982,Lasteta paar,Ennustatud,0.26,9.1,2019,682
1983,Ühe lapsega paar,Tegelik,0,7.34,2019,682
1984,Ühe lapsega paar,Ennustatud,0,7.32,2019,682
1985,Kahe lapsega paar,Tegelik,0,9.52,2019,682
1986,Kahe lapsega paar,Ennustatud,0,9.29,2019,682
1987,Kolme ja enama lapsega paar,Tegelik,0,7.99,2019,682
1988,Kolme ja enama lapsega paar,Ennustatud,0,7.57,2019,682
1989,Üksik mees,Tegelik,6.03,32.75,2019,683
1990,Üksik mees,Ennustatud,5.5,32.36,2019,683
1991,Üksik naine,Tegelik,1.32,21.29,2019,683
1992,Üksik naine,Ennustatud,1.32,21.29,2019,683
1993,Üksikvanem,Tegelik,0,30.12,2019,683
1994,Üksikvanem,Ennustatud,0,27.17,2019,683
1995,Lasteta paar,Tegelik,0.26,9.19,2019,683
1996,Lasteta paar,Ennustatud,0.26,9.1,2019,683
1997,Ühe lapsega paar,Tegelik,0,7.34,2019,683
1998,Ühe lapsega paar,Ennustatud,0,7.32,2019,683
1999,Kahe lapsega paar,Tegelik,0,9.52,2019,683
2000,Kahe lapsega paar,Ennustatud,0,9.29,2019,683
2001,Kolme ja enama lapsega paar,Tegelik,0,7.99,2019,683
2002,Kolme ja enama lapsega paar,Ennustatud,0,7.57,2019,683
2003,Üksik mees,Tegelik,6.03,32.75,2019,684
2004,Üksik mees,Ennustatud,5.5,32.36,2019,684
2005,Üksik naine,Tegelik,1.32,21.29,2019,684
2006,Üksik naine,Ennustatud,1.32,21.29,2019,684
2007,Üksikvanem,Tegelik,0,30.12,2019,684
2008,Üksikvanem,Ennustatud,0,27.17,2019,684
2009,Lasteta paar,Tegelik,0.26,9.19,2019,684
2010,Lasteta paar,Ennustatud,0.26,9.1,2019,684
2011,Ühe lapsega paar,Tegelik,0,7.34,2019,684
2012,Ühe lapsega paar,Ennustatud,0,7.32,2019,684
2013,Kahe lapsega paar,Tegelik,0,9.52,2019,684
2014,Kahe lapsega paar,Ennustatud,0,9.29,2019,684
2015,Kolme ja enama lapsega paar,Tegelik,0,7.99,2019,684
2016,Kolme ja enama lapsega paar,Ennustatud,0,7.57,2019,684
2017,Üksik mees,Tegelik,6.03,32.75,2019,685
2018,Üksik mees,Ennustatud,5.5,32.36,2019,685
2019,Üksik naine,Tegelik,1.32,21.29,2019,685
2020,Üksik naine,Ennustatud,1.32,21.29,2019,685
2021,Üksikvanem,Tegelik,0,30.12,2019,685
2022,Üksikvanem,Ennustatud,0,27.17,2019,685
2023,Lasteta paar,Tegelik,0.26,9.19,2019,685
2024,Lasteta paar,Ennustatud,0.26,8.99,2019,685
2025,Ühe lapsega paar,Tegelik,0,7.34,2019,685
2026,Ühe lapsega paar,Ennustatud,0,7.32,2019,685
2027,Kahe lapsega paar,Tegelik,0,9.52,2019,685
2028,Kahe lapsega paar,Ennustatud,0,9.43,2019,685
2029,Kolme ja enama lapsega paar,Tegelik,0,7.99,2019,685
2030,Kolme ja enama lapsega paar,Ennustatud,0,7.57,2019,685
2031,Üksik mees,Tegelik,6.03,32.75,2019,686
2032,Üksik mees,Ennustatud,5.5,32.36,2019,686
2033,Üksik naine,Tegelik,1.32,21.29,2019,686
2034,Üksik naine,Ennustatud,1.32,21.29,2019,686
2035,Üksikvanem,Tegelik,0,30.12,2019,686
2036,Üksikvanem,Ennustatud,0,26.95,2019,686
2037,Lasteta paar,Tegelik,0.26,9.19,2019,686
2038,Lasteta paar,Ennustatud,0.26,8.99,2019,686
2039,Ühe lapsega paar,Tegelik,0,7.34,2019,686
2040,Ühe lapsega paar,Ennustatud,0,7.32,2019,686
2041,Kahe lapsega paar,Tegelik,0,9.52,2019,686
2042,Kahe lapsega paar,Ennustatud,0,9.43,2019,686
2043,Kolme ja enama lapsega paar,Tegelik,0,7.99,2019,686
2044,Kolme ja enama lapsega paar,Ennustatud,0,7.57,2019,686
2045,Üksik mees,Tegelik,6.03,32.75,2019,687
2046,Üksik mees,Ennustatud,5.5,32.36,2019,687
2047,Üksik naine,Tegelik,1.32,21.29,2019,687
2048,Üksik naine,Ennustatud,1.32,21.29,2019,687
2049,Üksikvanem,Tegelik,0,30.12,2019,687
2050,Üksikvanem,Ennustatud,0,26.95,2019,687
2051,Lasteta paar,Tegelik,0.26,9.19,2019,687
2052,Lasteta paar,Ennustatud,0.26,8.99,2019,687
2053,Ühe lapsega paar,Tegelik,0,7.34,2019,687
2054,Ühe lapsega paar,Ennustatud,0,7.32,2019,687
2055,Kahe lapsega paar,Tegelik,0,9.52,2019,687
2056,Kahe lapsega paar,Ennustatud,0,9.43,2019,687
2057,Kolme ja enama lapsega paar,Tegelik,0,7.99,2019,687
2058,Kolme ja enama lapsega paar,Ennustatud,0,7.57,2019,687
2059,Üksik mees,Tegelik,6.03,32.75,2019,688
2060,Üksik mees,Ennustatud,5.5,32.36,2019,688
2061,Üksik naine,Tegelik,1.32,21.29,2019,688
2062,Üksik naine,Ennustatud,1.32,21.29,2019,688
2063,Üksikvanem,Tegelik,0,30.12,2019,688
2064,Üksikvanem,Ennustatud,0,26.95,2019,688
2065,Lasteta paar,Tegelik,0.26,9.19,2019,688
2066,Lasteta paar,Ennustatud,0.26,8.99,2019,688
2067,Ühe lapsega paar,Tegelik,0,7.34,2019,688
2068,Ühe lapsega paar,Ennustatud,0,7.32,2019,688
2069,Kahe lapsega paar,Tegelik,0,9.52,2019,688
2070,Kahe lapsega paar,Ennustatud,0,9.43,2019,688
2071,Kolme ja enama lapsega paar,Tegelik,0,7.99,2019,688
2072,Kolme ja enama lapsega paar,Ennustatud,0,7.57,2019,688
2073,Üksik mees,Tegelik,6.03,32.75,2019,689
2074,Üksik mees,Ennustatud,5.5,32.36,2019,689
2075,Üksik naine,Tegelik,1.32,21.29,2019,689
2076,Üksik naine,Ennustatud,1.32,21.29,2019,689
2077,Üksikvanem,Tegelik,0,30.12,2019,689
2078,Üksikvanem,Ennustatud,0,26.95,2019,689
2079,Lasteta paar,Tegelik,0.26,9.19,2019,689
2080,Lasteta paar,Ennustatud,0.26,8.99,2019,689
2081,Ühe lapsega paar,Tegelik,0,7.34,2019,689
2082,Ühe lapsega paar,Ennustatud,0,7.32,2019,689
2083,Kahe lapsega paar,Tegelik,0,9.52,2019,689
2084,Kahe lapsega paar,Ennustatud,0,9.43,2019,689
2085,Kolme ja enama lapsega paar,Tegelik,0,7.99,2019,689
2086,Kolme ja enama lapsega paar,Ennustatud,0,7.57,2019,689
2087,Üksik mees,Tegelik,6.03,32.75,2019,690
2088,Üksik mees,Ennustatud,5.5,32.36,2019,690
2089,Üksik naine,Tegelik,1.32,21.29,2019,690
2090,Üksik naine,Ennustatud,1.32,21.29,2019,690
2091,Üksikvanem,Tegelik,0,30.12,2019,690
2092,Üksikvanem,Ennustatud,0,26.95,2019,690
2093,Lasteta paar,Tegelik,0.26,9.19,2019,690
2094,Lasteta paar,Ennustatud,0.26,8.99,2019,690
2095,Ühe lapsega paar,Tegelik,0,7.34,2019,690
2096,Ühe lapsega paar,Ennustatud,0,7.32,2019,690
2097,Kahe lapsega paar,Tegelik,0,9.52,2019,690
2098,Kahe lapsega paar,Ennustatud,0,9.43,2019,690
2099,Kolme ja enama lapsega paar,Tegelik,0,7.99,2019,690
2100,Kolme ja enama lapsega paar,Ennustatud,0,7.57,2019,690
